Name,Type,Control Range,Battery Type,Weight,Price,Actual Price,Discount (%)
"Zyamalox ZX drone with camera 4k ,12 MP ,fly 30 minutes Drone",Mini Drone,40,Lithium Battery,200,2297,4999,54.0
Fitpro M3 Ultra Beginner Drone 2.4G Mini FPV HD Camera Big Screen Brushless Drone,Mini Drone,300,AA Battery,500,10255,11000,6.0
"Clubmall E88 Pro 4K Camera Drone with WiFi FPV, Brushless Motor, and Foldable Design Drone",Professional Drone,102,AA Rechargeable Battery,150,1994,5999,66.0
Orivox A17 Aerial Drone with 4K Dual Camera - Foldable Brushless Motor Quadcopter Drone,Mini Drone,50,Lithium Battery,150,2455,4999,50.0
"Orivox M3 Max Mini Drone with Pro Features HD Camera, Brushless Motor for FPV Flight Drone",Mini Drone,200,Lithium Battery,200,4998,5999,16.0
ERH India A17 Aerial Drone with 4K Dual Camera - Foldable Brushless Motor Quadcopter Drone,Mini Drone,100,Lithium Battery,200,4376,5999,27.0
Kidsbuddy New Good Quality Quadcopter E88 WIFI Drone With Wide Angle HD Camera Drone,Mini Drone,15,AA Rechargeable Battery,350,2299,12999,82.0
tmwilla Foldable-RC-Quadcopter-Altitude-Hold-Headless-Mode-Hight quadcopter Drone Drone,Professional Drone,117,AA Battery,300,1884,4999,62.0
CLYSOL New Good Quality Quadcopter E88 WIFI Drone With Wide Angle HD Camera Drone Drone Drone,Mini Drone,100,Lithium Battery,400,2326,12999,82.0
"Clubics RC Brushless Motor J18 Drone 4k hd Camera for Adults with Wi-Fi FPV camera, Drone",Professional Drone,100,Lithium Battery,400,12600,13999,9.0
tmwilla Drone WiFi Camera Drone Remote Control Quadcopter 360 Flip Stunt Drone,Professional Drone,50,Lithium Battery,400,2658,11999,77.0
nexell j2 black 00223 Drone,Professional Drone,100,Lithium Battery,500,5115,8000,36.0
"JOYBOX Foldable Drone with Full HD Camera, WiFi FPV, Altitude Hold Drone",Mini Drone,100,AA Rechargeable Battery,433,2099,2899,27.0
TodFod E88 Pro Drone 4k HD foldable With Camera HD Mini 720p Live Video Drone Drone,Professional Drone,50,Lithium Battery,360,2059,4999,58.0
Playtastic A888 PRO Drone with 90° ESC Camera Optical Flow Hover Brushless High-Definition Drone,Professional Drone,5,Lithium Battery,1140,5490,6990,21.0
Ezerio E88 Pro Drone 4k HD Foldable Camera Mini Drone 720p Video Wide Camera WIFI FPV Drone,Mini Drone,10,AA Alkaline Battery,400,2273,4999,54.0
Ezerio J2 Drones Long Distance Hd Camera With 4K And Beginner Drone 5G Wifi Range Adult Drone,Mini Drone,50,AA Battery,250,2791,12999,78.0
markif E98 PRO PLUS Drone,Mini Drone,120,Lithium Battery,820,2371,3999,40.0
"tmwilla Drone With HD Dual Camera Brushless Motor, One-Click Takeoff/Landing Flip Drone",Professional Drone,102,Lithium Battery,400,1799,6999,74.0
tmwilla Drone Rolling Gesture Control Wi-Fi Camera Remote Control Drone FUNCTION Drone,Professional Drone,102,Lithium Battery,400,1799,6999,74.0
tmwilla fOlDaBlE-ToY-DrOnE pHoToGrApHy GeStUrE-SeLfIe-fLiPs- HeAdLeSs mMOdE bOuNcE Drone,Professional Drone,12,Lithium Battery,400,1799,7999,77.0
tmwilla Foldable-RC-Quadcopter-Altitude-Hold-Headless-Mode-Hight-Hold-Color-quadcopter Drone,Professional Drone,60,Lithium Battery,400,2001,8999,77.0
Confiavel Dynalog GPS Drone DR-DG600C with 4K Camera Quadcopter with Auto Return Drone,Professional Drone,5,Lithium Battery,1140,8989,9990,10.0
DRONE E-88 GPS Professional 4K HD Dual Camera 5G WIFI Drone,Professional Drone,100,Lithium Battery,400,2447,9999,75.0
"Playtastic M3-MAX Drone Obstacle Avoidance, HD Dual Camera,360° Flips, App/Remote Control Drone",Professional Drone,5,Lithium Battery,1140,3787,9999,62.0
Playtastic Dynalog DR-DG600C RC GPS Drone with Quadcopter with Auto Return Drone,Professional Drone,5,Lithium Battery,1140,8989,9990,10.0
DRONX P18 Pro Drone: High-Definition 4K Triple Cameras for Stunning Aerial Shots Drone,Mini Drone,300,AA Battery,450,4599,9999,54.0
dronecamera J2 Pro Foldable Drone | Dual HD Camera & Dual battary | Long Battery Life Drone,Mini Drone,250,Lithium Battery,170,2941,7999,63.0
markif 4K HD Dual Camera Drone with 360° Flip & One-Click Stunts | Foldable Quadcopter Drone,Mini Drone,100,Lithium Battery,200,5898,11999,50.0
"ERH India M3 MAX Drone 3 Cameras, 5G Wi-Fi, 360° Obstacle Avoidance, Dual Battery Drone",Mini Drone,250,Lithium Battery,170,7973,11999,33.0
MAYURI CREATIONS Foldable Remote Control Drone with Camera HD Drone,Mini Drone,100,Lithium Battery,500,1978,6999,71.0
DRONE E-88 long range professional Wide Angle Professional Wifi 5g Drone,Professional Drone,100,Lithium Battery,400,2447,9999,75.0
DRONEBOX E88 Drone WiFi Camera Drone Remote Control Quadcopter 360 Flip Stunt Drone Drone,Professional Drone,100,Lithium Battery,400,1949,9999,80.0
Ezerio A17 Aerial Smart Modes Drone Foldable Brushless Motor WiFi FPV Kids-Quadcopter Drone,Mini Drone,40,Lithium Battery,300,4648,9999,53.0
"ERH India Drone with Remote Control, Camera, 360° Rotation J2 Dual Cameras, Dual Batteries Drone",Professional Drone,250,Lithium Battery,170,3297,9999,67.0
Antman E88| E88 Pro Drone With HD 4K Dual Camera Hold RC Foldable Quadcopter Drone Drone,Mini Drone,100,Lithium Battery,0,2488,6999,64.0
VAYNEX M ONE Drone,Mini Drone,100,Lithium Battery,300,2251,14999,84.0
Confiavel H35 Fold Drone Ⅱ 2.4G 4K Dual Camera Wifi Quadcopter with Obstacle Avoidance Drone,Professional Drone,5,Lithium Battery,1140,5454,6990,21.0
PICSTAR J2 Drone 8K Professional With KD 3 Camera Obstacle Avoidance Brushless Motor Drone,Professional Drone,150,AAA Battery,450,3998,8999,55.0
RECTITUDE Foldable Quadcopter | WiFi 480P FPV Dual Camera | Position Locking Drone Drone,Mini Drone,100,Lithium Battery,300,2501,6999,64.0
Barbie Foldable Remote Control Drone with Camera HD Wide Angle Lens_9b Drone,Mini Drone,65,Lithium Battery,250,2705,8999,69.0
Barbie SUPERKING_E88DRONE15b Drone,Mini Drone,60,Lithium Battery,250,2705,8999,69.0
Barbie E89_PROPLUSDRONE15b Drone,Mini Drone,60,Lithium Battery,250,2705,8999,69.0
Barbie E88_SUPERHERODRONE13b Drone,Mini Drone,60,Lithium Battery,250,2705,8999,69.0
Barbie Blue Quadcopter Drone_33b Drone,Mini Drone,65,Lithium Battery,250,2705,8999,69.0
Barbie E88_SUPERHERODRONE16b Drone,Mini Drone,60,Lithium Battery,250,2705,8999,69.0
Barbie DRONEDART E-88 Foldable Remote Control Drone_18b Drone,Mini Drone,65,Lithium Battery,250,3092,8999,65.0
MUGO Foldable Drone with HQ Camera duel smart Battery Remote Control Quadcopter Drone,Professional Drone,100,Lithium Battery,100,2400,8999,73.0
ERH India D30 GPS Drone with 4K Camera – Brushless Motor & Auto Return Home Drone,Professional Drone,100,Lithium Battery,200,8500,14999,43.0
IRINWE Drone-with-4K-Camera-WiFi-FPV-1080P-HD-Dual-Foldable Drone,Mini Drone,100,Lithium Battery,1230,2326,4999,53.0
RECTITUDE Complete Wifi Drone for Adults and Kids With HD 120 Degree Wide Angle Camera Drone,Mini Drone,100,Lithium Battery,100,2400,4999,51.0
Harshiv Enterprise Drone with Camera Foldable 1080P HD With Remote control Foldable Drone Drone,Mini Drone,10,Lithium Battery,200,1999,4999,60.0
"Playtastic A17 Aerial Drone Obstacle Avoidance, 1080P Triple Gimbal Camera, Brushless Motor Drone",Professional Drone,5,Lithium Battery,1140,5204,6990,25.0
Ezerio M3 MAX Drone with 3 Camera 5G WIFI 360 Obstacle Avoidance FPV Foldable Drone,Mini Drone,100,Lithium Battery,239,,,
RVTECH Ak-47 Drone,Professional Drone,100,AAA Rechargeable Battery,300,2293,14999,84.0
FLORAFLEXI Drone with 4k Camera Foldable 1080P Aerial Photography RC Drone Camera Drone,Professional Drone,102,Lithium Battery,500,1799,3499,48.0
TECH-LOBBY TL-WATER SHOOTING DRONE Drone,Mini Drone,100,Lithium Battery,300,3771,7999,52.0
Krishtiwilla Drone WiFi Camera Drone Remote Control Quadcopter 360 Flip Stunt Drone Drone,Professional Drone,100,Lithium Battery,433,2420,19999,87.0
Toyrist Drone WIFI Camera Drone Remote Control Quadcopter 360 Flip Stunt Deone Drone,Professional Drone,100,Lithium Battery,320,2420,5999,59.0
Gameson Foldable-Drone-Camera-Flash-Lights-For-Adults-4k-1080P-HD-Drones-Toy_1L Drone,Mini Drone,100,Lithium Battery,300,3059,5999,49.0
Clubics K13 Max Drone 4K High Quality HD Dual Camera Aircraft Remote Control Drone,Mini Drone,100,Lithium Battery,360,2398,4999,52.0
DRONE E88 GPS Folding Brushless RC 25mins 2KM 6K Ultra HD Drone,Professional Drone,100,Lithium Battery,400,2447,9999,75.0
DRONX J2 Drone – Foldable Design with Dual 720p HD Cameras and WiFi FPV Drone Drone,Mini Drone,30,Lithium Battery,200,3586,4999,28.0
VYNEX 4KDual Camera GPS Drone with Remote Control & Dual Battery (Black) Drone,Mini Drone,100,Lithium Battery,100,2228,14999,85.0
Toyrist E88 Drone WiFi Camera Drone Remote Control Quadcopter 360 Flip Stunt Drone,Professional Drone,100,Lithium Battery,200,2420,5999,59.0
Toyrist AY-6 Drone,Professional Drone,50,AA Battery,300,2420,5999,59.0
Toyrist DM97 Drone Camera Remote Control Drone,Professional Drone,350,AA Battery,300,2420,5999,59.0
"Clubics H35 MAX FOLD DRONE 4K Ultra HD Dual Camera, WiFi Drone with Long Battery Life Drone",Professional Drone,30,Lithium Battery,350,8999,14999,40.0
markif E-88 PRO Drone,Professional Drone,145,AAA Rechargeable Battery,250,2000,3599,44.0
Digiwins E88 Drone 4k Hd Dual Camera Brushless Motor Remote Control Helicopter Drone,Professional Drone,100,Lithium Battery,400,2447,9999,75.0
RECTITUDE Ultimate Aerial Adventure: E88 with 4K Camera and Advanced Features Drone,Mini Drone,100,Lithium Battery,100,2531,6999,63.0
KRIAHVA DR199_E88 Drone,Mini Drone,60,Lithium Battery,200,,,
KRIAHVA DR44_E88 Drone,Mini Drone,60,Lithium Battery,200,,,
KRIAHVA DR14_E88 Drone,Mini Drone,60,Lithium Battery,200,,,
KRIAHVA DR25_E88 Drone,Mini Drone,60,Lithium Battery,200,,,
KRIAHVA DR3_E88 Drone,Mini Drone,60,Lithium Battery,200,,,
Zodan DR199_E88 Drone,Mini Drone,60,Lithium Battery,200,2576,5999,57.0
Zodan DR31_E88 Drone,Mini Drone,60,Lithium Battery,200,2576,5999,57.0
Zodan DR76_E88 Drone,Mini Drone,60,Lithium Battery,200,2576,5999,57.0
Zodan DR191_E88 Drone,Mini Drone,60,Lithium Battery,200,2576,5999,57.0
Zodan DR39_E88 Drone,Mini Drone,60,Lithium Battery,200,2380,5999,60.0
Zodan DR93_E88 Drone,Mini Drone,60,Lithium Battery,200,2380,5999,60.0
Zodan DR87_E88 Drone,Mini Drone,60,Lithium Battery,200,2380,5999,60.0
Zodan DR178_E88 Drone,Mini Drone,60,Lithium Battery,200,2380,5999,60.0
Zodan DR21_E88 Drone,Mini Drone,60,Lithium Battery,200,2576,5999,57.0
Zodan DR27_E88 Drone,Mini Drone,60,Lithium Battery,200,2576,5999,57.0
Zodan DR88_E88 Drone,Mini Drone,60,Lithium Battery,200,2576,5999,57.0
Zodan DR75_E88 Drone,Mini Drone,60,Lithium Battery,200,2576,5999,57.0
Zodan DR193_E88 Drone,Mini Drone,60,Lithium Battery,200,2576,5999,57.0
Zodan DR44_E88 Drone,Mini Drone,60,Lithium Battery,200,2576,5999,57.0
Zodan DR94_E88 Drone,Mini Drone,60,Lithium Battery,200,2576,5999,57.0
Zodan DR80_E88 Drone,Mini Drone,60,Lithium Battery,200,2576,5999,57.0
Zodan DR67_E88 Drone,Mini Drone,60,Lithium Battery,200,2576,5999,57.0
Zodan DR78_E88 Drone,Mini Drone,60,Lithium Battery,200,2576,5999,57.0
Zodan DR55_E88 Drone,Mini Drone,60,Lithium Battery,200,2576,5999,57.0
Zodan DR83_E88 Drone,Mini Drone,60,Lithium Battery,200,2576,5999,57.0
Integriti E88 Black Quadcopter Drone,Professional Drone,100,Lithium Battery,320,2447,9999,75.0
RECTITUDE E88 Mini Pictures & Videos and FPV Function Remote Control Aircraft Drone,Mini Drone,100,Lithium Battery,100,2501,5499,54.0
"Drone A 100% Best Selling E88 Pro Camera for Adults, Folding Wifi Fpv Drone",Professional Drone,100,Lithium Battery,100,2447,9999,75.0
Clubics Flip With Aerial J1 Drone with 1080P Camera 1 Batteries Avoidance Obstacles 360° Drone,Mini Drone,100,Lithium Battery,300,4722,8999,47.0
RECTITUDE E88 Drone Foldable Remote Control Drone Camera HD Wide Angle Lens Professional Drone,Mini Drone,100,Lithium Battery,100,2501,4998,49.0
Gabbar 4K-Dual-HD-Camera-Professional-Folding-Drone Drone,Professional Drone,300,Lithium Battery,180,7683,15999,51.0
Drone L E88 Black Quadcopter Drone Drone,Professional Drone,30,Lithium Battery,455,2447,9999,75.0
DRONE N E-88 Pro Foldable Remote Control with Dual Camera HD Wide Angle Drone,Mini Drone,100,Lithium Battery,100,2447,9999,75.0
RECTITUDE Best E88 Drone WiFi Camera Drone Remote Control Quadcopter 360 Flip Stunt Drone Drone,Mini Drone,100,Lithium Battery,100,2382,9999,76.0
Inferno Black Quadcopter Drone,Professional Drone,10,Lithium Battery,150,1999,12999,84.0
"RECTITUDE Best Arrival Professional E88 Drone 4K Camera, FPV, WiFi & Many More Functions Drone",Mini Drone,100,Lithium Battery,100,2523,4999,49.0
RECTITUDE E88 Mini 4K Camera Aerial Photography Quadcopter With Fixed Height Aircraft Drone,Mini Drone,100,Lithium Battery,100,2432,6999,65.0
RECTITUDE E88 Foldable Drone lightweight RC Quadrocopter With WIFI FPV Wide Angle Camera Drone,Mini Drone,100,Lithium Battery,100,2501,5499,54.0
"RECTITUDE New Arrival Professional E88 Drone 4K Camera, FPV, WiFi & Many More Functions Drone",Mini Drone,100,Lithium Battery,100,2529,4999,49.0
"RECTITUDE Good Professional E88 Drone 4K Camera, FPV, WiFi & Many More Functions Drone",Mini Drone,100,Lithium Battery,100,2527,3999,36.0
"RECTITUDE E88 Camera, WiFi FPV Foldable RC Quadcopter Altitude Hold, Visual Positioning Drone",Mini Drone,100,Lithium Battery,100,2418,5499,56.0
"RECTITUDE Capture the Sky E88 Drone 4K Camera, FPV, WiFi & Many More Functions Drone",Mini Drone,100,Lithium Battery,100,2541,6999,63.0
"RECTITUDE Professional E88 Drone with 4K Camera,1080P FPV, WiFi, RC Control, Headless Mode Drone",Mini Drone,100,Lithium Battery,100,2382,6999,65.0
RECTITUDE E88 WIFI FPV With Wide Angle HD Camera Foldable Quadcopter Gift Toy Drone,Mini Drone,100,Lithium Battery,100,2418,5499,56.0
Super Toy Brushless Drone Five Sided Obstacle Avoidance With Camera WIFI FPV Gesture Drone,Mini Drone,40,Lithium Battery,144,3789,14999,74.0
Gameson E88 Drone 4k HD foldable Drone With Camera 4k Drone 720p Live Video Drone_0G Drone,Mini Drone,100,Lithium Battery,300,,,
Swa Mi E PRO DUVON DRONE Drone,Professional Drone,60,Lithium Battery,250,3031,10499,71.0
Intellect Creations E88 foldable drone Drone,Mini Drone,100,Lithium Battery,400,2299,6999,67.0
"Toyrist Best Selling E88 Pro Drone Camera for Adults, Folding Drone Wifi Fpv Drone",Professional Drone,100,Lithium Battery,100,2420,5999,59.0
Swa Mi E88 DRONE 4K HD CAMERA 1080p 360 Degree Flip Functionality1 Drone,Professional Drone,50,Lithium Battery,200,2611,8999,70.0
Swa Mi E88 DRONE 4K HD CAMERA 1080p 360 Degree Flip Functionality Drone1 Drone,Professional Drone,50,Lithium Battery,200,2705,8999,69.0
"WALLINSTIK Drone with 4k Camera Foldable 1080PLanding,Headless Mode,RC Drone Drone",Professional Drone,102,Lithium Battery,500,1799,3499,48.0
"Playtastic Y3-MAX Drone Obstacle Avoidance, HD Dual Camera,360° Flips, App/Remote Control Drone",Professional Drone,5,Lithium Battery,1140,5490,6990,21.0
Radhikadro e343 Drone,Professional Drone,15,Lithium Battery,250,2689,4999,46.0
Swa Mi E88 Pro 4K Dual Camera Height Hold Wifi FPV RC Foldable Toys_31 Drone,Professional Drone,60,Lithium Battery,250,2599,8999,71.0
"Swa Mi Drone HD Foldable Drone With Dual Camera Mini Drone 720p Video, Wifi Fpv Drone1 Drone",Professional Drone,100,Lithium Battery,320,2611,8999,70.0
MAYURI CREATIONS E88 Drone,Professional Drone,50,Lithium Battery,200,2400,6999,65.0
Swa Mi E88 GPS Drone Professional 4K HD Dual Camera 5G WIFI1 Drone,Professional Drone,100,Lithium Battery,400,2705,8999,69.0
Swa Mi 4K WiFi Dual Camera Drone1 Drone,Professional Drone,100,Lithium Battery,339,2705,8999,69.0
Swa Mi drone camera1 Drone,Professional Drone,90,Lithium Battery,100,2705,8999,69.0
DXP E-88 Pro 4K WiFi Dual Camera Drone for Adults & Kids Drone Drone,Mini Drone,100,Lithium Battery,300,2507,9999,74.0
IRINWE Remote Control Dual Camera Drone 4K 1080P Obstacle Avoidance WiFi Drone,Mini Drone,100,Lithium Battery,200,2494,4999,50.0
Drone A E88 PRO 4K WiFi Dual Camera for Adults & Kids and Toy (Black) Drone,Professional Drone,100,Lithium Battery,400,2199,9999,78.0
Swa Mi 34584553891 Drone,Professional Drone,500,AA Alkaline Battery,570,2705,8999,69.0
"WALLINSTIK Drone with 4k Camera Foldable 1080P Altitude Hold,One Key Take Off/Landing Drone",Professional Drone,102,Lithium Battery,500,1799,3499,48.0
Swa Mi E88 Pro Drone Wide Angle Dual 4K HD Cameras with two Smart battery1 Drone,Professional Drone,100,Lithium Battery,100,2611,8999,70.0
Swa Mi WiFi Camera Remote Control Quadcopter 360' Flip Stunt1 Drone,Professional Drone,15,Lithium Battery,250,2611,8999,70.0
Swa Mi E-88 Pro 4K WiFi Dual Camera Drone for Adults & Kids1 Drone,Professional Drone,100,Lithium Battery,100,2705,8999,69.0
Swa Mi Drone WiFi Camera Drone Remote Control Quadcopter 360 Flip Stunt Drone1 Drone,Professional Drone,100,Lithium Battery,433,2705,8999,69.0
Toyrist E88 Drone Drone,Professional Drone,50,AA Battery,400,2400,5999,59.0
Toyrist RITU ENTERPRISES E88 4K HD CAMERA 1080p 360 Degree Flip Functionality Drone,Professional Drone,50,AAA Rechargeable Battery,200,2447,5999,59.0
"Rivalwilla Drone with 4k Camera Foldable 1080P HD Drone Altitude Hold,3D Flips Drone",Professional Drone,102,Lithium Battery,500,1799,3499,48.0
Clubics Mini K6 Drone With Camera 4K HD Four Side 360 Obstacle Avoidance Drone Drone,Mini Drone,100,Lithium Battery,300,4443,6999,36.0
ERH India E88 Pro Drone 4k HD foldable Drone With Camera 4k HD Mini Drone 720p Live Video Drone,Mini Drone,50,Lithium Battery,200,2273,3999,43.0
Swa Mi Foldable Toy Drone with HQ WiFi Camera Remote Control1 Drone,Professional Drone,85,AA Battery,450,2611,8999,70.0
Swa Mi E881 Drone,Professional Drone,50,Lithium Battery,200,2705,8999,69.0
Swa Mi Foldable Toy Drone with HQ WiFi Camera Remote Control for Kids Quadcopter1 Drone,Professional Drone,50,Lithium Battery,450,2693,8999,70.0
Swa Mi Drone-21 Drone,Professional Drone,90,AA Battery,100,2705,8999,69.0
Swa Mi DRONE E88 PRO MAX1 Drone,Professional Drone,90,Lithium Battery,100,2705,8999,69.0
Swa Mi E88 Pro Drone 4k HD foldable Drone With Camera 4k HD Mini Drone 720p Live Video1 Drone,Professional Drone,100,Lithium Battery,300,2705,8999,69.0
"Swa Foldable 4K HD Camera FPV- Multifunctional, Easy to Use1 Drone",Professional Drone,100,Lithium Battery,450,2884,8999,67.0
Swa Mi E88 Remote Control Foldable HD Camera Drone Toys Perfect Gifts For Kids Drone1 Drone,Professional Drone,100,Lithium Battery,250,2705,8999,69.0
Swa Mi E88 Drone1 Drone,Professional Drone,50,Lithium Battery,200,2705,8999,69.0
Swa Mi New Heights with the E88 Drone: A Comprehensive Exploration of Precision1 Drone,Professional Drone,80,Lithium Battery,200,2746,8999,69.0
PTCMart K6 MAX MINI RC Drone With 4K Three Camera Optical Localization Four-way Obstacle Drone,Mini Drone,100,Lithium Battery,300,4744,8999,47.0
"DRONE SP High Quality E88 Pro HD, Dual Camera Mini 720p Video, Wifi Fpv Drone",Mini Drone,100,Lithium Battery,100,2447,9999,75.0
Toyrist E88 Black Quadcopter Drone Drone,Professional Drone,100,Lithium Battery,320,1999,5999,66.0
Swa Mi 4K WiFi Dual Camera Drone for Adults & Kids1 Drone,Professional Drone,100,Lithium Battery,0,2705,8999,69.0
FLORAFLEXI Remote control Drone with 4k Camera Foldable 1080P HD Drone Altitude Hold Drone Drone,Professional Drone,102,Lithium Battery,500,1799,3499,48.0
GUFRINA E88 Drone GPS Folding Brushless RC Drone 25mins 2KM 6K Ultra HD Drone Drone,Professional Drone,100,Lithium Battery,400,2447,9999,75.0
"Gabbar Drone with 4K Dual Camera, WiFi FPV Live Video Drone",Professional Drone,150,Lithium Battery,180,6120,9999,38.0
Swa Mi Drone WiFi Camera Remote Control-Motion Control-Spin Fine Tuning drone1 Drone,Professional Drone,100,Lithium Battery,433,2705,8999,69.0
Swa Mi E88 Pro Drone Wide Angle Dual 4K HD Cameras with two Smart battery1 Drone,Professional Drone,80,Lithium Battery,250,2705,8999,69.0
DXP HY02 Drone MULTICOLOR 4K HD Camera LED Light Long Range 360 Roll Axis Aircraft Drone,Mini Drone,150,Lithium Battery,400,2838,9999,71.0
HomeEye Mini Camera Wifi Night Viewing Wireless Indoor Outdoor IP Magnetic Home Security Drone,Mini Drone,10,Lithium Battery,500,799,3299,75.0
Clubics Drone 2 Batteries E88 4K 1080P HD Dual Headless Mode Obstacles 360Flip Aerial Drone,Mini Drone,100,Lithium Battery,300,2249,6999,67.0
Swa Mi WiFi Camera Drone Remote Control Quadcopter 360 Flip Stunt Drone 2 Batteries1 Drone,Professional Drone,100,Lithium Battery,400,2705,8999,69.0
Swa Mi K3 WiFi Camera Remote Control Quadcopter 360 Flip Stunt Drone 2 Batteries1 Drone,Professional Drone,100,Lithium Battery,400,2705,8999,69.0
"Swa Mi E88 Pro dron HD Foldable dron With Dual Camera Mini dron 720p Video, Wifi Fpv1 Drone",Professional Drone,100,Lithium Battery,100,2705,8999,69.0
Swa Mi WiFi Camera Remote Control Quadcopter 360 Flip Stunt1 Drone,Professional Drone,15,Lithium Battery,250,2705,8999,69.0
DRONE Mini E88 Pro With HD 4K Single Dual Camera Height Hold RC Foldable Drone,Professional Drone,100,Lithium Battery,400,2447,9999,75.0
Rivalwilla Drone with 4k Camera Foldable 1080P HD Drone with FPV Live Video Drone,Professional Drone,102,Lithium Battery,500,1799,3499,48.0
Swa E99 dron WiFi Camera dron Remote Control Quadcopter 360 Flip Stunt 2 Batteries1 Drone,Professional Drone,100,Lithium Battery,400,2611,8999,70.0
Drone A E88 Pro Wide Angle Dual 4K HD Cameras with two Smart battery Drone,Professional Drone,80,Lithium Battery,250,2447,9999,75.0
HomeEye Magnet Professional Drone camera Mini WiFi Surveillance Micro Night Version Drone,Mini Drone,10,Lithium Battery,500,728,2999,75.0
Swa Mi Foldable-Toy-Drone-with-HQ-WiFi-Camera-Remote-Control-Quadcopter-with-Gesture1 Drone,Professional Drone,30,AA Battery,400,2303,8999,74.0
Toyrist 998 PRO Foldable Toy Drone with HQ 4K WiFi HD Camera Remote Control for Kids Drone,Professional Drone,10,AA Rechargeable Battery,300,2420,19999,87.0
"Toyrist High Quality E88 Pro Drone HD, Dual Camera Mini Drone 720p Video, Wifi Fpv Drone",Professional Drone,100,Lithium Battery,100,2420,14999,83.0
Antman Pro Drone,Professional Drone,100,Lithium Battery,500,2689,9999,73.0
Swa Mi Mini dron with Camera Hd Dual Camera Wifi Infrared Quadcopter Children Toy Gift1 Drone,Professional Drone,100,Lithium Battery,100,2244,8999,75.0
Swa Mi E88 long range dron professional Wide Angle Professional Wifi 5g1 Drone,Professional Drone,100,Lithium Battery,400,2705,8999,69.0
"Swa Mi Buy Best Sale E88 Pro Drone HD, Dual Camera Mini Drone 720p Video, Wifi Fpv1 Drone",Professional Drone,100,Lithium Battery,100,2705,8999,69.0
Swa Mi Drone 4k HD foldable With Camera HD Mini 720p Live Video Drone1 Drone,Professional Drone,100,Lithium Battery,250,2705,8999,69.0
Swa Mi E-88 Pro 4K WiFi Dual Camera Drone for Adults & Kids1 Drone,Professional Drone,80,Lithium Battery,250,2244,8999,75.0
"Swa Mi E88 Pro Drone Video & Remote Control Quadcopter for Kids & Adults, HD Camera1 Drone",Professional Drone,50,AAA Alkaline Battery,425,2611,8999,70.0
Swa Mi E88 4K HD WiFi Camera Wide-Angle Foldable FPV Dron GPS Mini dron With Camera HD1 Drone,Professional Drone,100,Lithium Battery,400,2299,8999,74.0
RBR Foldable-RC-Quadcopter-Altitude-Hold-Headless-Mode--quadcopter Drone Drone,Professional Drone,60,Lithium Battery,400,2158,3999,46.0
Harnesh Fashion 3458455389 Drone,Professional Drone,500,AA Alkaline Battery,570,2478,9999,75.0
"Antman E99 with Dual Battery, Dual Camera, HD Video Drone",Mini Drone,120,Lithium Battery,180,2299,8500,72.0
Orivox J2 Foldable Drone with 1080p HD Camera | Selfie Mode | 360° Flip | App ControL Drone,Mini Drone,55,Lithium Battery,200,2611,4999,47.0
Fitpro K13 Max 4K HD Dual Camera Drone – Foldable RC Quadcopter with WiFi Drone,Mini Drone,300,AA Battery,102,3055,9999,69.0
RSFuture E-88 Pro 4K WiFi Dual Camera Drone for Adults & Kids Drone,Professional Drone,80,Lithium Battery,100,2447,19999,87.0
Swa Mi K3&E99 black Drone camera Fodable Remote Control Drone with 3 Smart Batteries1 Drone,Professional Drone,80,Lithium Battery,250,2244,8999,75.0
HODOPHILE E88 Pro Drone Wide Angle Dual 4K HD Cameras with two Smart battery Drone,Professional Drone,100,Lithium Battery,100,2447,9999,75.0
Radhikadro e284 Drone,Professional Drone,50,AA Battery,350,2568,4999,48.0
Swa Mi E88 Drone 4k HD foldable Drone With Camera 4k HD Mini Drone 1080P Drone1 Drone,Professional Drone,100,Lithium Battery,400,3283,8999,63.0
Toyrist Remote Controlled Drone Auto Return One Touch Take off and Landing Drone,Professional Drone,100,Lithium Battery,455,2420,5999,59.0
Radhikadro e396 Drone,Professional Drone,30,Lithium Battery,100,2447,4999,51.0
FLORAFLEXI Drone with 4k Camera Foldable 1080P RC Drone Camera For Kids And Adults Drone,Professional Drone,102,Lithium Battery,500,1799,3499,48.0
Swa Mi E88 Foldable Quadcopter WiFi 480P FPV Dual Camera 2 battries1 Drone,Professional Drone,100,Lithium Battery,400,2705,8999,69.0
"amiciCare DJI Mini 3 Pro Drone Propellers, Dual Color/ Light Weight/ Low Noise Drone Wings Drone",Mini Drone,45,Lithium Battery,15,1201,1600,24.0
Barbie TINYTONY_DRONE33b Drone,Mini Drone,60,Lithium Battery,250,2240,8999,75.0
Swa Mi FPV with Camera 18mins Flight Time Brushless Foldable RC Quadcopter1 Drone,Professional Drone,30,Lithium Battery,400,2705,8999,69.0
Swa Mi E88 Drone Wi-Fi Camera Drone Remote Control Quadcopter 360 Flip Stunt Drone1 Drone,Professional Drone,100,Lithium Battery,450,2705,8999,69.0
Swa Mi Drone WiFi Camera Drone Remote Control Quadcopter 360 Flip Stunt Drone1 Drone,Professional Drone,100,Lithium Battery,100,2611,8999,70.0
Swa Mi FPV Drone with Camera 18mins Flight Time Brushless Foldable RC Drone Quadcopter1 Drone,Professional Drone,30,Lithium Battery,400,2705,8999,69.0
Swa Mi AY-61 Drone,Professional Drone,50,AA Battery,300,2705,8999,69.0
Swa Mi Drone-With-HD-Camera-For-Adults-Auto-Return-One-Touch-Take-off-and-Landing1 Drone,Professional Drone,90,Lithium Battery,460,2705,8999,69.0
Swa Mi Foldable Drone with 4K 1080p Camera | 360 Degree Flip Functionality | Black1 Drone,Professional Drone,50,AA Battery,350,2705,8999,69.0
"Swa Mi Model No - E88 Foldable 4K HD Camera FPV- Multifunctional, Easy to Use1 Drone",Professional Drone,100,Lithium Battery,450,2705,8999,69.0
Swa Mi E88 BLACK DRONE1 Drone,Professional Drone,100,Lithium Battery,320,2705,8999,69.0
Swa Mi E88-Deone-Black1 Drone,Professional Drone,100,Lithium Battery,200,2611,8999,70.0
"Nirman Labs Build Your Own DIY Remote Control Drone with Battery, Motors, Propellers Drone",Mini Drone,20,AAA Rechargeable Battery,200,2689,3599,25.0
PTCMart K11 Drone 3 camera 8K Water Bombs Shoot long range Brushless Obstacle Avoidance Drone,Mini Drone,100,Lithium Battery,300,9149,9999,8.0
Swa Mi Wi-Fi FPV R/C 2.4Ghz 6-Axis Vision Quadcopter Drone with 2 MP HD Camera Drone1 Drone,Professional Drone,50,Lithium Battery,299,2705,8999,69.0
Swa Mi Foldable Toy Drone with HQ WiFi Camera1 Drone,Professional Drone,100,Lithium Battery,330,2662,8999,70.0
Swa Mi Foldable Remote Control Drone with Camera HD1 Drone,Professional Drone,100,Lithium Battery,500,2705,8999,69.0
Zilla Drone WiFi Camera Remote Control-Motion Control-Spin Fine Tuning drone Drone,Professional Drone,100,Lithium Battery,433,2930,10999,73.0
Radhikadro e109 Drone,Professional Drone,100,Lithium Battery,400,2447,4999,51.0
MUGO E88 Pro Drone 4k HD foldable With Camera Mini 720p Live Video Drone,Professional Drone,100,Lithium Battery,100,2146,12999,83.0
Swa Mi E88 PRO MAX Foldable Toy Drone with HQ WIFI Camera Remote Control for Kids1 Drone,Professional Drone,80,AA Alkaline Battery,150,2693,8999,70.0
Swa Mi Drone WiFi Camera Drone Remote Control Quadcopter 360 Flip Stunt1 Drone,Professional Drone,100,Lithium Battery,100,2705,8999,69.0
Swa E88 Drone WiFi Camera Drone Remote Control Quadcopter 360 Flip Stunt1 Drone,Professional Drone,103,Lithium Battery,100,2705,8999,69.0
"Swa Mi E88 Pro Foldable Remote Control Drone Dual Camera Drone 720p Video, Wifi Fpv1 Drone",Professional Drone,100,Lithium Battery,100,2705,8999,69.0
Drone Y E88 Pro With Camera Mini 720p Live Video Drone,Mini Drone,120,Lithium Battery,408,2447,9999,75.0
Fitpro K13 MAX HD Dual-Camera Fixed-Height Quadcopter LED Backlight 2.4G Remote Drone,Mini Drone,300,AA Battery,500,2783,9999,72.0
Radhikadro e333 Drone,Professional Drone,100,Lithium Battery,300,2447,4999,51.0
Swa Mi E88 Drone GPS Camera with Flash Lights One Touch Take Off Landing 2 Batteries1 Drone,Professional Drone,100,Lithium Battery,400,2705,8999,69.0
"DRONE M E-88 HD Foldable With Dual Camera Mini 720p Video, Wifi Fpv Drone",Professional Drone,100,Lithium Battery,320,2447,9999,75.0
HomeEye WiFi Spy Camera Megnet 360° Security Camera for Spy Mini Spy WiFi Live Stream Drone,Professional Drone,10,Lithium Battery,300,715,2499,71.0
Swa Mi E88 PRO Drone Dual HD Camera1 Drone,Professional Drone,155,Lithium Battery,360,2896,8999,67.0
Swa Mi 67891 Drone,Professional Drone,100,Lithium Battery,400,2705,8999,69.0
Toyrist E-89 Drone For beginner Drone,Professional Drone,50,Lithium Battery,500,2420,5999,59.0
MKHODIYAR 360 Flip Stunt Drone- Quadcopter Remote Control WiFi Camera Drone Drone,Professional Drone,100,Lithium Battery,433,2447,9999,75.0
Radhikadro e412 Drone,Professional Drone,100,AAA Battery,300,2447,4999,51.0
Ezerio New J2 Obstacle Avoidance Flying camera drone camera 4k 1080p Drone,Mini Drone,50,AA Battery,250,2582,12999,80.0
"JNKC Mini Spy Magnet Camera WiFi Hidden, Wireless HD Indoor Home Security Nanny Drone",Mini Drone,30,Lithium Battery,300,630,1999,68.0
Swa Mi Quadcopter E88 Drone With Wide Angle HD Camera Height Hold Foldable1 Drone,Professional Drone,100,Lithium Battery,100,2705,8999,69.0
Swa Mi E88 Drone Foldable Altitude Hold Quadcopter Drones With 4K HD Camera1 Drone,Professional Drone,100,Lithium Battery,400,2611,8999,70.0
Swa Mi e881 Drone,Professional Drone,30,Lithium Battery,400,2705,8999,69.0
Swa Mi Drone WiFi Camera Remote Control Quadcopter 360 Flip Stunt Drone1 Drone,Professional Drone,100,Lithium Battery,0,2705,8999,69.0
Swa Mi Drone WiFi Camera Drone Remote Control Quadcopter 360 Flip Stunt Drone1 Drone,Professional Drone,100,Lithium Battery,433,2611,8999,70.0
Swa Mi Camera Drone Remote Control Quadcopter 360 Flip Stunt E88 Drone's WiFi Camera1 Drone,Professional Drone,80,Lithium Battery,200,2705,8999,69.0
trox E88pro Drone,Mini Drone,10028,Lithium Battery,400,2447,4999,51.0
Drone L E88 Black Quadcopter Drone,Mini Drone,30,Lithium Battery,455,2447,9999,75.0
Barbie E88-Drone - Black_17b Drone,Mini Drone,65,Lithium Battery,250,2693,8999,70.0
Barbie FOLDMINIDRONE_4K3b Drone,Mini Drone,60,Lithium Battery,250,2705,8999,69.0
Barbie E88-Drone - Black_32b Drone,Mini Drone,65,Lithium Battery,250,2605,8999,71.0
Jaat E 88 4k pro min drone Drone,Mini Drone,300,Lithium Battery,320,2326,12999,82.0
Barbie Blue Quadcopter Drone_32b Drone,Mini Drone,65,Lithium Battery,250,2705,8999,69.0
Barbie MAGICE88_DRONE8b Drone,Mini Drone,60,Lithium Battery,250,2525,8999,71.0
Barbie dcmini_drone19b Drone,Mini Drone,60,Lithium Battery,250,2525,8999,71.0
Barbie DC9_prodrone16b Drone,Mini Drone,60,Lithium Battery,250,2705,8999,69.0
Barbie E-88 Pro 33 Drone_15b Drone,Mini Drone,65,Lithium Battery,250,2705,8999,69.0
Barbie FOLDMINIDRONE_4K30b Drone,Mini Drone,60,Lithium Battery,250,2691,8999,70.0
Barbie EPRO_DUVON_DRONE8b Drone,Mini Drone,60,Lithium Battery,250,2705,8999,69.0
Barbie FANTASY_DRONE1b Drone,Mini Drone,60,Lithium Battery,250,2705,8999,69.0
Barbie E88-Drone - Black_1b Drone,Mini Drone,65,Lithium Battery,250,2705,8999,69.0
Barbie DC_4kdrone11b Drone,Mini Drone,60,Lithium Battery,250,2705,8999,69.0
Barbie Foldable-Drone-With Camera-Drone One-Touch-Take-off-and-Landing_17b Drone,Mini Drone,65,Lithium Battery,250,2693,8999,70.0
Barbie D97_proplus4k 13b Drone,Mini Drone,60,Lithium Battery,250,2691,8999,70.0
Barbie E88-Drone - Black_8b Drone,Mini Drone,65,Lithium Battery,250,2693,8999,70.0
Barbie DC9_prodrone17b Drone,Mini Drone,60,Lithium Battery,250,2525,8999,71.0
Barbie DC_4kdrone4b Drone,Mini Drone,60,Lithium Battery,250,2705,8999,69.0
"RECTITUDE Best Professional E88 Drone 4K Camera, FPV, WiFi & Many More Functions Drone",Mini Drone,100,Lithium Battery,100,2615,4999,47.0
Barbie E88 DRONE_a24b Drone,Mini Drone,60,Lithium Battery,250,2680,8999,70.0
Barbie SPACE4K_DRONE12b Drone,Mini Drone,60,Lithium Battery,250,2691,8999,70.0
Barbie Foldable Remote Control Drone with Camera HD Wide Angle Lens_31b Drone,Mini Drone,65,Lithium Battery,250,2705,8999,69.0
Barbie Blue Quadcopter Drone_15b Drone,Mini Drone,65,Lithium Battery,250,2705,8999,69.0
Barbie FOLDMINIDRONE_4K25b Drone,Mini Drone,60,Lithium Battery,250,2705,8999,69.0
Barbie FOLDMINIDRONE_4K4b Drone,Mini Drone,60,Lithium Battery,250,2705,8999,69.0
Barbie dronWiFi Camera Remote Control-Motion Control-Spin Fine Tuning dron29b Drone,Mini Drone,60,Lithium Battery,250,2705,8999,69.0
Barbie Foldable-Drone-With Camera-Drone One-Touch-Take-off-and-Landing_11b Drone,Mini Drone,65,Lithium Battery,250,2705,8999,69.0
Barbie E89_PROPLUSDRONE1b Drone,Mini Drone,60,Lithium Battery,250,2691,8999,70.0
Barbie FANTASY_DRONE31b Drone,Mini Drone,60,Lithium Battery,250,2705,8999,69.0
Barbie Blue Quadcopter Drone_9b Drone,Mini Drone,65,Lithium Battery,250,2705,8999,69.0
Barbie FOLDMINIDRONE_4K31b Drone,Mini Drone,60,Lithium Battery,250,3474,8999,61.0
Barbie dronRemote Control Quadcopter 360 Flip Stunt_a8b Drone,Mini Drone,60,Lithium Battery,250,2693,8999,70.0
Barbie E88-Drone - Black_5b Drone,Mini Drone,65,Lithium Battery,250,2705,8999,69.0
Barbie Foldable Remote Control Drone with Camera HD Wide Angle Lens_18b Drone,Mini Drone,65,Lithium Battery,250,2705,8999,69.0
Barbie ad172drone3b Drone,Mini Drone,60,Lithium Battery,250,2705,8999,69.0
Barbie E88 DRONE_a3b Drone,Mini Drone,60,Lithium Battery,250,2693,8999,70.0
Barbie E88 DRONE_a1b Drone,Mini Drone,60,Lithium Battery,250,2680,8999,70.0
Barbie E88 Camera dronRemote Control 360 Flip Stunt WiFi Wings 2 Batteries_b13 Drone,Mini Drone,60,Lithium Battery,250,2693,8999,70.0
Barbie amazingpro_4kdrone11b Drone,Mini Drone,60,Lithium Battery,250,2705,8999,69.0
Barbie FANTASY_DRONE7b Drone,Mini Drone,60,Lithium Battery,250,2691,8999,70.0
Barbie dronRemote Control Quadcopter 360 Flip Stunt_a4b Drone,Mini Drone,60,Lithium Battery,250,2680,8999,70.0
Barbie E88 dronWiFi Camera dronRemote Control Quadcopter 360 Flip Stunt drone23b Drone,Mini Drone,60,Lithium Battery,250,2705,8999,69.0
Barbie ad172drone7b Drone,Mini Drone,60,Lithium Battery,250,2691,8999,70.0
Barbie E88_SUPERHERODRONE23b Drone,Mini Drone,60,Lithium Battery,250,2705,8999,69.0
Barbie DC9_prodrone2b Drone,Mini Drone,60,Lithium Battery,250,2691,8999,70.0
Barbie E88 Pro Drone best version Fordable Drone With Camera For Adults 4k HD_22b Drone,Mini Drone,65,Lithium Battery,250,2705,8999,69.0
Barbie DM97_DRONE1b Drone,Mini Drone,60,Lithium Battery,250,2705,8999,69.0
Barbie E88 dronWiFi Camera dronRemote Control Quadcopter 360 Flip Stunt drone30b Drone,Mini Drone,60,Lithium Battery,250,2691,8999,70.0
GARNER Drone KY605S RC Long Endurance Four Sides Obstacle Avoidance Drone 3 HD Camera Drone,Mini Drone,100,Lithium Battery,300,6931,6999,
Swa Mi EPRO_DUVON_DRONE1 Drone,Professional Drone,60,Lithium Battery,250,2705,8999,69.0
Barbie ad172drone12b Drone,Mini Drone,60,Lithium Battery,250,2705,8999,69.0
Barbie creative_drone1b Drone,Mini Drone,60,Lithium Battery,250,2705,8999,69.0
Barbie Foldable Remote Control Drone with Camera HD Wide Angle Lens_27b Drone,Mini Drone,65,Lithium Battery,250,2705,8999,69.0
Barbie FOLDMINIDRONE_4K14b Drone,Mini Drone,60,Lithium Battery,250,2705,8999,69.0
Barbie EPRO_DUVON_DRONE6b Drone,Mini Drone,60,Lithium Battery,250,2705,8999,69.0
Swa Mi SM EPRO_DUVON_DRONE1b Drone,Mini Drone,60,Lithium Battery,250,3051,8999,66.0
Barbie EPRO_DUVON_DRONE4b Drone,Mini Drone,60,Lithium Battery,250,2705,8999,69.0
Barbie Foldable-Toy-Drone-with-HQ-WiFi-Camera-Remote-Control_a17b Drone,Mini Drone,60,Lithium Battery,250,2693,8999,70.0
Barbie E884K_PRODRONE3b Drone,Mini Drone,60,Lithium Battery,250,2705,8999,69.0
Barbie EPRO_DUVON_DRONE23b Drone,Mini Drone,60,Lithium Battery,250,2705,8999,69.0
Barbie E884K_PRODRONE4b Drone,Mini Drone,60,Lithium Battery,250,2705,8999,69.0
Barbie Foldable-Drone-With Camera-Drone One-Touch-Take-off-and-Landing_8b Drone,Mini Drone,65,Lithium Battery,250,2705,8999,69.0
Clubics F198 Remote One Click Control drone Takeoff Landing 360 Flip Rolling Drone Drone,Mini Drone,100,Lithium Battery,300,4999,9999,50.0
Barbie ad172drone14b Drone,Mini Drone,60,Lithium Battery,250,2705,8999,69.0
Barbie dronWiFi Camera Remote Control-Motion Control-Spin Fine Tuning dron16b Drone,Mini Drone,60,Lithium Battery,250,2430,8999,72.0
Barbie MAGICE88_DRONE3b Drone,Mini Drone,60,Lithium Battery,250,2705,8999,69.0
Barbie DC9_prodrone8b Drone,Mini Drone,60,Lithium Battery,250,2705,8999,69.0
Barbie dronWiFi Camera Remote Control-Motion Control-Spin Fine Tuning dron13b Drone,Mini Drone,60,Lithium Battery,250,2529,8999,71.0
Barbie QUEENE88_DRONE12b Drone,Mini Drone,60,Lithium Battery,250,2705,8999,69.0
RECTITUDE E88 Best Camera-WiFi-FPV-HD-Foldable--Hold-Headless-Mode-Remote-Control Drone,Mini Drone,100,Lithium Battery,100,2474,5499,55.0
Barbie E884K_PRODRONE1b Drone,Mini Drone,60,Lithium Battery,250,2525,8999,71.0
Swa Mi SM E88_VAYDO4KDRONE16b Drone,Mini Drone,60,Lithium Battery,250,3047,8999,66.0
RECTITUDE Capture Every Moment: E88 Mini Drone with 4K Camera and Foldable Design Drone,Mini Drone,100,Lithium Battery,100,2533,6999,63.0
Barbie E88 Super Stable drone 2 Batteries_8b Drone,Mini Drone,65,Lithium Battery,250,2549,8999,71.0
Barbie ad172drone2b Drone,Mini Drone,60,Lithium Battery,250,2705,8999,69.0
Swa Mi SM E884K_PRODRONE18b Drone,Mini Drone,60,Lithium Battery,250,3053,8999,66.0
Barbie E88 Super Stable drone 2 Batteries_11b Drone,Mini Drone,65,Lithium Battery,250,2705,8999,69.0
Swa Mi EPRO_DUVON_DRONE33 Drone,Professional Drone,60,Lithium Battery,250,2705,8999,69.0
Swa Mi Foldable-Drone-Camera-Flash-Lights-For-Adults-4k-1080P-HD-Drones-Toy_15 Drone,Professional Drone,60,Lithium Battery,250,2705,8999,69.0
Swa Mi Foldable Remote Control Drone with Camera HD Wide Angle Lens_20 Drone,Professional Drone,60,Lithium Battery,250,2705,8999,69.0
Swa Mi Foldable-Drone-Camera-Flash-Lights-For-Adults-4k-1080P-HD-Drones-Toy_22 Drone,Professional Drone,60,Lithium Battery,250,2705,8999,69.0
Swa Mi DC_4kdrone10 Drone,Professional Drone,60,Lithium Battery,250,2705,8999,69.0
Barbie Drone-Wifi-1080P-4K-HD-Camera-Wide-Angle-Pocket- 360 Flip Stunt Drone_1b Drone,Mini Drone,65,Lithium Battery,250,2531,8999,71.0
Swa Mi Drone WiFi Camera Remote Control Quadcopter 360' Flip Stunt Dronee_25 Drone,Professional Drone,60,Lithium Battery,250,2705,8999,69.0
Swa Mi SM E88 DRONE_a29b Drone,Mini Drone,60,Lithium Battery,250,3031,8999,66.0
Barbie EPRO_DUVON_DRONE1b Drone,Mini Drone,60,Lithium Battery,250,2705,8999,69.0
DRONE SP RETAILNET ENTERPRISES BLACK MODELl E88 Drone,Mini Drone,100,AA Battery,100,2447,9999,75.0
Barbie E-88 Pro 33 Drone_22b Drone,Mini Drone,65,Lithium Battery,250,2705,8999,69.0
Barbie dronWiFi Camera Remote Control-Motion Control-Spin Fine Tuning dron8b Drone,Mini Drone,60,Lithium Battery,250,2705,8999,69.0
Barbie Foldable Remote Control Drone with Camera HD Wide Angle Lens_3b Drone,Mini Drone,65,Lithium Battery,250,2705,8999,69.0
Barbie E88 dronWiFi Camera dronRemote Control Quadcopter 360 Flip Stunt drone15b Drone,Mini Drone,60,Lithium Battery,250,2705,8999,69.0
Barbie FANTASY_DRONE3b Drone,Mini Drone,60,Lithium Battery,250,2705,8999,69.0
Barbie Foldable Remote Control Drone with Camera HD Wide Angle Lens_17b Drone,Mini Drone,65,Lithium Battery,250,2705,8999,69.0
Barbie EPRO_DUVON_DRONE14b Drone,Mini Drone,60,Lithium Battery,250,2705,8999,69.0
Barbie EPRO_DUVON_DRONE15b Drone,Mini Drone,60,Lithium Battery,250,2705,8999,69.0
Barbie EPRO_DUVON_DRONE29b Drone,Mini Drone,60,Lithium Battery,250,2705,8999,69.0
Barbie FOLDMINIDRONE_4K6b Drone,Mini Drone,60,Lithium Battery,250,2705,8999,69.0
Barbie EPRO_DUVON_DRONE33b Drone,Mini Drone,60,Lithium Battery,250,2705,8999,69.0
Barbie FOLDMINIDRONE_4K15b Drone,Mini Drone,60,Lithium Battery,250,2529,8999,71.0
Barbie E88_VAYDO4KDRONE1b Drone,Mini Drone,60,Lithium Battery,250,2529,8999,71.0
Barbie EPRO_DUVON_DRONE21b Drone,Mini Drone,60,Lithium Battery,250,2705,8999,69.0
Zodan DR40_E88 Drone,Mini Drone,60,Lithium Battery,200,2576,5999,57.0
Barbie EPRO_DUVON_DRONE2b Drone,Mini Drone,60,Lithium Battery,250,2705,8999,69.0
Barbie DRONEDART E-88 Foldable Remote Control Drone_32b Drone,Mini Drone,65,Lithium Battery,250,2527,8999,71.0
Barbie DRONEDART E-88 Foldable Remote Control Drone_3b Drone,Mini Drone,65,Lithium Battery,250,2705,8999,69.0
Barbie dronWiFi Camera Remote Control-Motion Control-Spin Fine Tuning dron23b Drone,Mini Drone,60,Lithium Battery,250,2705,8999,69.0
Barbie QUEENE88_DRONE13b Drone,Mini Drone,60,Lithium Battery,250,2705,8999,69.0
Barbie E88_VAYDO4KDRONE3b Drone,Mini Drone,60,Lithium Battery,250,2529,8999,71.0
Barbie FOLDMINIDRONE_4K13b Drone,Mini Drone,60,Lithium Battery,250,2705,8999,69.0
Barbie E-88 Pro 33 Drone_25b Drone,Mini Drone,65,Lithium Battery,250,2705,8999,69.0
Barbie EPRO_DUVON_DRONE11b Drone,Mini Drone,60,Lithium Battery,250,2299,8999,74.0
Barbie Blue Quadcopter Drone_25b Drone,Mini Drone,65,Lithium Battery,250,2705,8999,69.0
Barbie EPRO_DUVON_DRONE18b Drone,Mini Drone,60,Lithium Battery,250,2705,8999,69.0
Barbie dcmini_drone14b Drone,Mini Drone,60,Lithium Battery,250,2705,8999,69.0
Barbie DRONEDART E-88 Foldable Remote Control Drone_24b Drone,Mini Drone,65,Lithium Battery,250,2705,8999,69.0
Barbie DC9_prodrone15b Drone,Mini Drone,60,Lithium Battery,250,2705,8999,69.0
Barbie E88_VAYDO4KDRONE16b Drone,Mini Drone,60,Lithium Battery,250,2537,8999,71.0
Barbie DRONEDART E-88 Foldable Remote Control Drone_23b Drone,Mini Drone,65,Lithium Battery,250,2705,8999,69.0
Barbie DRONEDART E-88 Foldable Remote Control Drone_21b Drone,Mini Drone,65,Lithium Battery,250,2705,8999,69.0
Barbie E-88 Pro 33 Drone_31b Drone,Mini Drone,65,Lithium Battery,250,2537,8999,71.0
Barbie DC_4kdrone24b Drone,Mini Drone,60,Lithium Battery,250,2705,8999,69.0
Barbie EPRO_DUVON_DRONE28b Drone,Mini Drone,60,Lithium Battery,250,2705,8999,69.0
xelix E88 Drone,Mini Drone,10,Lithium Battery,0,2519,9999,74.0
Barbie MAGICE88_DRONE13b Drone,Mini Drone,60,Lithium Battery,250,2705,8999,69.0
GARNER Remote Control DRON F198 One Click TakeoffLanding 360 Flip Rolling Selfie Gestur Drone,Mini Drone,100,Lithium Battery,300,4779,9999,52.0
Barbie EPRO_DUVON_DRONE24b Drone,Mini Drone,60,Lithium Battery,250,2705,8999,69.0
Barbie dronWiFi Camera Remote Control-Motion Control-Spin Fine Tuning dron1b Drone,Mini Drone,60,Lithium Battery,250,2705,8999,69.0
Barbie E-88 Pro 33 Drone_29b Drone,Mini Drone,65,Lithium Battery,250,2527,8999,71.0
Swa Mi SM EPRO_DUVON_DRONE14b Drone,Mini Drone,60,Lithium Battery,250,3041,8999,66.0
GARNER 360° Flip With Aerial J1 Drone with 1080P Camera1 Batteries Avoidance Obstacles Drone,Mini Drone,100,Lithium Battery,300,4670,8999,48.0
Barbie E-88 Pro 33 Drone_17b Drone,Mini Drone,65,Lithium Battery,250,2705,8999,69.0
Barbie E-88 Pro 33 Drone_30b Drone,Mini Drone,65,Lithium Battery,250,2705,8999,69.0
Barbie DRONEDART E-88 Foldable Remote Control Drone_16b Drone,Mini Drone,65,Lithium Battery,250,2705,8999,69.0
Barbie E-88 Pro 33 Drone_24b Drone,Mini Drone,65,Lithium Battery,250,2531,8999,71.0
Swa Mi SM EPRO_DUVON_DRONE17b Drone,Mini Drone,60,Lithium Battery,250,3051,8999,66.0
Swa Mi SM EPRO_DUVON_DRONE33b Drone,Mini Drone,60,Lithium Battery,250,3051,8999,66.0
Barbie QUEENE88_DRONE14b Drone,Mini Drone,60,Lithium Battery,250,2701,8999,69.0
Barbie DRONEDART E-88 Foldable Remote Control Drone_28b Drone,Mini Drone,65,Lithium Battery,250,2705,8999,69.0
Barbie Foldable Remote Control Drone with Camera HD Wide Angle Lens_8b Drone,Mini Drone,65,Lithium Battery,250,2703,8999,69.0
Barbie FOLDMINIDRONE_4K11b Drone,Mini Drone,60,Lithium Battery,250,2705,8999,69.0
Barbie DC_4kdrone17b Drone,Mini Drone,60,Lithium Battery,250,2705,8999,69.0
Barbie EPRO_DUVON_DRONE12b Drone,Mini Drone,60,Lithium Battery,250,2705,8999,69.0
Barbie E-88 Pro 33 Drone_14b Drone,Mini Drone,65,Lithium Battery,250,2705,8999,69.0
Swa Mi SM EPRO_DUVON_DRONE6b Drone,Mini Drone,60,Lithium Battery,250,3053,8999,66.0
Barbie EPRO_DUVON_DRONE31b Drone,Mini Drone,60,Lithium Battery,250,2705,8999,69.0
Barbie Blue Quadcopter Drone_26b Drone,Mini Drone,65,Lithium Battery,250,2705,8999,69.0
Barbie EPRO_DUVON_DRONE5b Drone,Mini Drone,60,Lithium Battery,250,2705,8999,69.0
Barbie E88_VAYDO4KDRONE12b Drone,Mini Drone,60,Lithium Battery,250,2701,8999,69.0
Zodan DR30_E88 Drone,Mini Drone,60,Lithium Battery,200,2576,5999,57.0
Barbie Foldable-Drone-With Camera-Drone One-Touch-Take-off-and-Landing_3b Drone,Mini Drone,65,Lithium Battery,250,2705,8999,69.0
Clubics J1Drone with 1080P Camera 1 Batteries Avoidance Obstacles 360 Flip With Aerial Drone,Mini Drone,100,Lithium Battery,300,4444,8999,50.0
Barbie dc88_pro4kdroneb Drone,Mini Drone,60,Lithium Battery,250,2705,8999,69.0
Barbie dcmini_drone16b Drone,Mini Drone,60,Lithium Battery,250,2705,8999,69.0
Barbie MAGICE88_DRONE15b Drone,Mini Drone,60,Lithium Battery,250,2705,8999,69.0
Clubics Remote Control DRON F198 One Click TakeoffLanding 360 Flip Rolling Selfie Gestur Drone,Mini Drone,100,Lithium Battery,300,4898,9999,51.0
Barbie ad172drone24b Drone,Mini Drone,60,Lithium Battery,250,2705,8999,69.0
Barbie DC_4kdrone12b Drone,Mini Drone,60,Lithium Battery,250,2705,8999,69.0
Barbie DRONEDART E-88 Foldable Remote Control Drone_33b Drone,Mini Drone,65,Lithium Battery,250,2705,8999,69.0
Barbie E88-Drone - Black_23b Drone,Mini Drone,65,Lithium Battery,250,2705,8999,69.0
Barbie dcmini_drone3b Drone,Mini Drone,60,Lithium Battery,250,2705,8999,69.0
Barbie DC_4kdrone16b Drone,Mini Drone,60,Lithium Battery,250,2705,8999,69.0
RECTITUDE Headles Mode E88 WIFI FPV With Wide Angle HD Camera Foldable Quadcopter Gift Toy Drone,Mini Drone,100,Lithium Battery,100,2373,6999,66.0
Barbie E88_SUPERHERODRONE14b Drone,Mini Drone,60,Lithium Battery,250,2705,8999,69.0
Barbie DRONEDART E-88 Foldable Remote Control Drone_34b Drone,Mini Drone,65,Lithium Battery,250,2705,8999,69.0
RECTITUDE Best E88 Mini Pictures & Videos with FPV Function Remote Control Aircraft Drone,Mini Drone,100,Lithium Battery,100,2449,5499,55.0
Barbie E-88 Pro 33 Drone_21b Drone,Mini Drone,65,Lithium Battery,250,2705,8999,69.0
Barbie E-88 Pro 33 Drone_23b Drone,Mini Drone,65,Lithium Battery,250,2531,8999,71.0
Barbie dronWiFi Camera Remote Control-Motion Control-Spin Fine Tuning dron3b Drone,Mini Drone,60,Lithium Battery,250,2537,8999,71.0
Barbie MAGICE88_DRONE14b Drone,Mini Drone,60,Lithium Battery,250,2705,8999,69.0
Barbie Blue Quadcopter Drone_14b Drone,Mini Drone,65,Lithium Battery,250,2705,8999,69.0
KRIAHVA DR30_E88 Drone,Mini Drone,60,Lithium Battery,200,,,
Barbie DC9_prodrone4b Drone,Mini Drone,60,Lithium Battery,250,2705,8999,69.0
Barbie EPRO_DUVON_DRONE19b Drone,Mini Drone,60,Lithium Battery,250,2705,8999,69.0
Barbie DRONEDART E-88 Foldable Remote Control Drone_13b Drone,Mini Drone,65,Lithium Battery,250,2705,8999,69.0
Barbie EPRO_DUVON_DRONE26b Drone,Mini Drone,60,Lithium Battery,250,2705,8999,69.0
Barbie dronWiFi Camera Remote Control-Motion Control-Spin Fine Tuning dron18b Drone,Mini Drone,60,Lithium Battery,250,2529,8999,71.0
Barbie FOLDMINIDRONE_4K33b Drone,Mini Drone,60,Lithium Battery,250,2705,8999,69.0
Barbie Blue Quadcopter Drone_16b Drone,Mini Drone,65,Lithium Battery,250,2705,8999,69.0
Barbie DC_4kdrone1b Drone,Mini Drone,60,Lithium Battery,250,2705,8999,69.0
Barbie dronWiFi Camera Remote Control-Motion Control-Spin Fine Tuning dron28b Drone,Mini Drone,60,Lithium Battery,250,2529,8999,71.0
Swa Mi SM DC_4kdrone17b Drone,Mini Drone,60,Lithium Battery,250,3051,8999,66.0
Barbie E88_SUPERHERODRONE17b Drone,Mini Drone,60,Lithium Battery,250,2529,8999,71.0
Barbie E88-Drone - Black_31b Drone,Mini Drone,65,Lithium Battery,250,2705,8999,69.0
Swa Mi SM DC_4kdrone16b Drone,Mini Drone,60,Lithium Battery,250,3055,8999,66.0
Barbie FOLDMINIDRONE_4K22b Drone,Mini Drone,60,Lithium Battery,250,2705,8999,69.0
Barbie E-88 Pro 33 Drone_1b Drone,Mini Drone,65,Lithium Battery,250,2705,8999,69.0
Barbie DRONEDART E-88 Foldable Remote Control Drone_11b Drone,Mini Drone,65,Lithium Battery,250,2705,8999,69.0
Barbie E-88 Pro 33 Drone_34b Drone,Mini Drone,65,Lithium Battery,250,2531,8999,71.0
Barbie E-88 Pro 33 Drone_19b Drone,Mini Drone,65,Lithium Battery,250,2705,8999,69.0
Barbie FOLDMINIDRONE_4K19b Drone,Mini Drone,60,Lithium Battery,250,2705,8999,69.0
Swa Mi SM E88_VAYDO4KDRONE1b Drone,Mini Drone,60,Lithium Battery,250,3051,8999,66.0
Barbie dronWiFi Camera Remote Control-Motion Control-Spin Fine Tuning dron4b Drone,Mini Drone,60,Lithium Battery,250,2525,8999,71.0
Barbie EPRO_DUVON_DRONE22b Drone,Mini Drone,60,Lithium Battery,250,3219,8999,64.0
Barbie DC9_prodrone14b Drone,Mini Drone,60,Lithium Battery,250,2705,8999,69.0
Barbie E88 dronWiFi Camera dronRemote Control Quadcopter 360 Flip Stunt drone3b Drone,Mini Drone,60,Lithium Battery,250,2705,8999,69.0
Barbie DC_4kdrone3b Drone,Mini Drone,60,Lithium Battery,250,2705,8999,69.0
Swa Mi SM EPRO_DUVON_DRONE2b Drone,Mini Drone,60,Lithium Battery,250,3057,8999,66.0
Barbie E88_SUPERHERODRONE15b Drone,Mini Drone,60,Lithium Battery,250,2705,8999,69.0
Barbie E88 DRONE_a17b Drone,Mini Drone,60,Lithium Battery,250,2693,8999,70.0
Barbie DRONEDART E-88 Foldable Remote Control Drone_30b Drone,Mini Drone,65,Lithium Battery,250,2705,8999,69.0
Swa Mi SM E88_VAYDO4KDRONE3b Drone,Mini Drone,60,Lithium Battery,250,3055,8999,66.0
Barbie QUEENE88_DRONE3b Drone,Mini Drone,60,Lithium Battery,250,2705,8999,69.0
Barbie DC_4kdrone10b Drone,Mini Drone,60,Lithium Battery,250,2705,8999,69.0
Barbie E-88 Pro 33 Drone_32b Drone,Mini Drone,65,Lithium Battery,250,2705,8999,69.0
Barbie Foldable Remote Control Drone with Camera HD Wide Angle Lens_32b Drone,Mini Drone,65,Lithium Battery,250,2531,8999,71.0
Barbie FOLDMINIDRONE_4K34b Drone,Mini Drone,60,Lithium Battery,250,2705,8999,69.0
Barbie Foldable-Drone-With Camera-Drone One-Touch-Take-off-and-Landing_23b Drone,Mini Drone,65,Lithium Battery,250,2705,8999,69.0
Swa Mi SM E89_PROPLUSDRONE15b Drone,Mini Drone,60,Lithium Battery,250,3053,8999,66.0
RECTITUDE E88 Drone: Capture Stunning Aerial Adventures in Pictures Drone,Mini Drone,100,Lithium Battery,100,2418,5499,56.0
Zodan DR62_E88 Drone,Mini Drone,60,Lithium Battery,200,2576,5999,57.0
Barbie E89_PROPLUSDRONE17b Drone,Mini Drone,60,Lithium Battery,250,2529,8999,71.0
PTCMart Remote Control DRON F198 One Click TakeoffLanding 360 Flip Rolling Selfie Gestur Drone,Mini Drone,100,Lithium Battery,300,4814,9999,51.0
Clubics Drone J1 with 1080P Camer 1 Batteries Avoidance Obstacles 360Flip With Aerial Drone,Mini Drone,100,Lithium Battery,300,4682,8999,47.0
Zodan DR195_E88 Drone,Mini Drone,60,Lithium Battery,200,2574,5999,57.0
Barbie Blue Quadcopter Drone_22b Drone,Mini Drone,65,Lithium Battery,250,2705,8999,69.0
Barbie E88-Drone - Black_29b Drone,Mini Drone,65,Lithium Battery,250,2531,8999,71.0
Barbie FOLDMINIDRONE_4K12b Drone,Mini Drone,60,Lithium Battery,250,2705,8999,69.0
Barbie MAGICE88_DRONE17b Drone,Mini Drone,60,Lithium Battery,250,2705,8999,69.0
Barbie EPRO_DUVON_DRONE32b Drone,Mini Drone,60,Lithium Battery,250,2705,8999,69.0
Swa Mi Foldable-Drone-Camera-Flash-Lights-For-Adults-4k-1080P-HD-Drones-Toy_10 Drone,Professional Drone,60,Lithium Battery,250,2705,8999,69.0
Swa Mi SM DC_4kdrone1b Drone,Mini Drone,60,Lithium Battery,250,3051,8999,66.0
Barbie dronWiFi Camera Remote Control-Motion Control-Spin Fine Tuning dron14b Drone,Mini Drone,60,Lithium Battery,250,2529,8999,71.0
Barbie Foldable-Drone-Camera-Flash-Lights-For-Adults-4k-1080P-HD-Drones-Toy_26b Drone,Mini Drone,60,Lithium Battery,250,2705,8999,69.0
Barbie Foldable Remote Control Drone with Camera HD Wide Angle Lens_7b Drone,Mini Drone,65,Lithium Battery,250,2531,8999,71.0
Toyrist Drone-With-HD-Camera-For-Adults-Auto-Return-One-Touch-Take-off-and-Landing Drone,Professional Drone,90,Lithium Battery,460,2447,5999,59.0
RECTITUDE Foldable-Toy-Drone-with-HQ-WiFi-Camera-Remote-Control-for-Kids-Quadcopter Drone,Professional Drone,100,Lithium Battery,100,2150,5999,64.0
Radhikadro e364 Drone,Professional Drone,100,Lithium Battery,200,2447,4999,51.0
Radhikadro e420 Drone,Professional Drone,100,Lithium Battery,300,2447,4999,51.0
"GAMESOUL Dynalog 4K GPS Drone DR-DG600C – Brushless Motor, FPV WiFi, Waypoints Drone",Mini Drone,300,Lithium Battery,600,8889,9999,11.0
Swa Mi SM E88 Pro 4k HD With wide-angle camera drone WiFi 1080p real-time FPV_1b Drone,Mini Drone,65,Lithium Battery,250,3049,8999,66.0
Swa Mi E-881 Drone,Professional Drone,80,Lithium Battery,320,2705,8999,69.0
"Swa Mi E88 Pro Foldable Remote Control Drone Dual Camera Drone 720p Video, Wifi Fpv1 Drone",Professional Drone,100,Lithium Battery,100,2705,8999,69.0
Swa Mi Pro Drone WiFi Camera Drone Remote Control Quadcopter 360 Flip Stunt Drone1 Drone,Professional Drone,100,Lithium Battery,400,2705,8999,69.0
Swa E88 Pro Drone 4k HD foldable Drone With Camera HD Mini Drone 720p Live Video1 Drone,Professional Drone,100,Lithium Battery,400,2994,8999,66.0
tmwilla Foldable Pro Drone for Kids | Obstacle Avoidance Drone Drone,Professional Drone,60,Lithium Battery,400,2027,8999,77.0
DKLISHA E88 Drone GPS Folding Brushless RC Drone 25mins 2KM 6K Ultra HD Drone Drone,Professional Drone,100,Lithium Battery,400,2447,9999,75.0
RIGHT SEARCH E88 Drone WiFi Camera Drone Remote Control Quadcopter 360 Flip Stunt Drone,Professional Drone,100,Lithium Battery,250,2447,4999,51.0
Radhikadro e461 Drone,Professional Drone,100,Lithium Battery,320,2447,4999,51.0
DXP J2 Drone High-Performance 4K Video Streaming Modes and Foldable Design Drone,Professional Drone,100,Lithium Battery,780000,3867,11999,67.0
Swa Mi Camera Waterproof Professional Drone With 4K Camera Rotation 3 Smart Batteries1 Drone,Professional Drone,80,Lithium Battery,250,2705,8999,69.0
Clubics 4K HD K6 Mini Camera With Four Side 360 Obstacle Avoidance Quadcopter Drone,Mini Drone,100,Lithium Battery,300,4455,8999,50.0
"ERH India K13 Max 4K HD Drone with Dual Camera and Battery, Remote Control RC Drone",Mini Drone,250,Lithium Battery,250,2855,7999,64.0
GAMESOUL Drone M3 MAX 8K 1080P HD Dual Camera WIFI FPV Gesture Selfie Flips Mode Mode Drone,Mini Drone,100,Lithium Battery,700,5490,8990,38.0
Swa Mi E88 Drone WiFi Camera Drone Remote Control Quadcopter 360 Flip Stunt1 Drone,Professional Drone,80,Lithium Battery,1000,2705,8999,69.0
MASOORI Camera Waterproof Professional Drone With 4K Camera Rotation 3 Smart Batteries Drone,Professional Drone,100,Lithium Battery,100,2115,15999,86.0
Radhikatoys e297 Drone,Professional Drone,50,AAA Battery,500,2447,4999,51.0
Radhikadro e297 Drone,Professional Drone,50,AAA Battery,500,2447,4999,51.0
Fitpro J6 GPS Drone | HD Dual Camera | Mini Display Remote | Dual Battery Drone,Professional Drone,149,AA Battery,780,8999,12999,30.0
"Swa Mi E99 Foldable 4K HD Camera FPV- Multifunctional, Easy to Use1 Drone",Professional Drone,100,Lithium Battery,200,2705,8999,69.0
Swa Mi Foldable Pro Drone for Kids | Obstacle Avoidance Drone1 Drone,Professional Drone,60,Lithium Battery,400,2705,8999,69.0
Fourbrother Black Quadcopter Drone,Professional Drone,100,Lithium Battery,320,2199,19999,89.0
Droneman E88 Pro Foldable Spy Drone with HQ WiFi Camera Remote Control Quadcopter Drone,Professional Drone,100,AA Battery,250,2447,19999,87.0
Radhikadro e282 Drone,Professional Drone,155,Lithium Battery,360,2447,4999,51.0
MAYURI CREATIONS E88 Pro Drone 4k HD foldable Drone With Camera 4k HD Mini Drone 720p Live Video Drone,Mini Drone,100,Lithium Battery,400,2150,6999,69.0
Barbie E88 Pro 4K Dual Camera Height Hold Wifi FPV RC Foldable Toys_28b Drone,Mini Drone,65,Lithium Battery,250,2705,8999,69.0
MAYURI CREATIONS E88 Pro Foldable Drone Drone,Mini Drone,100,Lithium Battery,400,2507,9999,74.0
Rivalwilla Drone with 4k Camera Foldable 1080P HD Drone 3D Flips for Kids Tin and Adults Drone,Professional Drone,102,Lithium Battery,500,1799,3499,48.0
nexell j20 BUBBLE SHOOT DRONE WITH CAMERA Drone,Professional Drone,100,Lithium Battery,700,5150,18000,71.0
"Swa Mi E88 Pro HD drons With Very Good Camera For Adults, Kids, And professional dron1 Drone",Professional Drone,100,Lithium Battery,250,2705,8999,69.0
Swa Mi E88 Camera dron Remote Control Quadcopter 360 Flip Stunt WiFi Wings 2 Batteries1 Drone,Professional Drone,100,Lithium Battery,400,3092,8999,65.0
Swa Mi WiFi Camera Remote Control Quadcopter 360 Flip Stunt1 Drone,Professional Drone,100,Lithium Battery,100,3162,8999,64.0
"RECTITUDE Best Price E88 Pro Drone Camera for Adults, Folding Drone Wifi Fpv Drone",Professional Drone,100,Lithium Battery,100,2396,5999,60.0
DRONE E88 4K HD CAMERA 1080p 360 Degree Flip Functionality Drone,Professional Drone,100,Lithium Battery,100,2447,9999,75.0
"DRONE E88 Pro HD Foldable With Dual Camera Mini 720p Video, Wifi Fpv Drone",Professional Drone,100,Lithium Battery,100,2138,10499,79.0
Kidsbuddy New Good Quality Quadcopter E88 WIFI Drone With Wide Angle HD Camera Drone Drone,Professional Drone,50,AA Battery,350,2279,5999,62.0
PICSTAR J2 Drone with HD Camera Foldable Quadcopter Professional Toys Drone,Professional Drone,150,AAA Battery,450,3998,11999,66.0
"Fitpro Dynalog 4K GPS Drone DR-DG600C – Brushless Motor, FPV WiFi, Waypoints Drone",Mini Drone,300,AA Battery,102,9079,19999,54.0
RECTITUDE E88 Drone Dual Camera FPV Flying Battery Long Range Rc Toy Quadcopter Foldable Drone,Mini Drone,100,Lithium Battery,100,2105,4999,57.0
Toyrist Camera Waterproof Professional Drone With 4K Camera Rotation 3 Smart Batteries Drone,Professional Drone,80,Lithium Battery,250,2420,5999,59.0
Swa Mi 360 Flip Stunt Drone- Quadcopter Remote Control WiFi Camera Drone1 Drone,Professional Drone,100,Lithium Battery,100,2705,8999,69.0
Clubics Advanced J2 8K Professional Drone – KD 3 Camera with Obstacle Avoidance Drone,Professional Drone,100,AA Rechargeable Battery,450,4814,11999,59.0
"FLORAFLEXI Remote control Drone with 4k Camera Altitude Hold, One Key Take Off-Headless Drone",Professional Drone,102,Lithium Battery,500,1799,3499,48.0
Radhikatoys e346 Drone,Professional Drone,120,Lithium Battery,430,2478,4999,50.0
Swa Mi E88 Drone WiFi Camera Drone Remote Control Quadcopter 360 Flip Stunt1 Drone,Professional Drone,80,Lithium Battery,200,2244,8999,75.0
Mevara Foldable-RC-Quadcopter-Altitude-Hold-Headless-Mode-Hight-Hold-Color-quadcopter Drone,Professional Drone,60,Lithium Battery,300,1899,5999,68.0
Gabbar Drone with 4K HD Camera Drone,Professional Drone,150,Lithium Battery,150,7090,9999,29.0
Swa Mi E88 Pro Drone With Camera Mini Drone 720p Live Video1 Drone,Professional Drone,120,Lithium Battery,408,2705,8999,69.0
"DRONE 4K Hd Camera For Adults And Kids, Fpv Live Video Rc Quadcopter Wifi Drone",Professional Drone,100,Lithium Battery,250,2447,9999,75.0
"RECTITUDE Mini Drone with Dual Camera Wifi Infrared Quadcopter Children Toy Gift, Remote Drone",Mini Drone,100,Lithium Battery,100,1920,5499,65.0
SR ELECTRONICS E88 Drone,Mini Drone,100,Lithium Battery,200,2720,9999,72.0
Clubics StealthSky Quad Remote Control Drone with WiFi Cam & 360 Flip Action Drone,Professional Drone,100,Lithium Battery,380,2505,9999,74.0
Playtastic YP8 Max Drone with Camera Brushless 4.5-inch Screen GPS Return Drone,Professional Drone,5,Lithium Battery,1140,11990,14990,20.0
Swa Mi Camera Drone 1080P with Wide Angle Camera Long Flight time Auto Hover Foldable1 Drone,Professional Drone,100,Lithium Battery,0,2705,8999,69.0
Swa Mi Drone WiFi Camera Remote Control Quadcopter 360 Flip Stunt Drone1 Drone,Professional Drone,107,Lithium Battery,100,2705,8999,69.0
Swa Mi 4K 1080P Premium Foldable Drone Wifi Camera Remote Control For kids/Adults1 Drone,Professional Drone,100,Lithium Battery,300,2611,8999,70.0
Squadron E88 Pro Drone 4k HD foldable Drone With Camera 4k HD Mini Drone 720p Live Video Drone,Professional Drone,80,Lithium Battery,200,2447,19249,87.0
DXP DXP_E88 PRO-DRON-BLACK-006 Drone,Professional Drone,50,Lithium Battery,300,2295,4999,54.0
Swa Mi Drone WiFi Camera Remote Control Quadcopter 360 Flip Stunt1 Drone,Professional Drone,100,Lithium Battery,400,2705,8999,69.0
Swa Mi Foldable Quadcopter WiFi 4K HD FPV Dual Camera Position Lockig Drone1 Drone,Professional Drone,100,Lithium Battery,250,2705,8999,69.0
Swa Mi E88 Pro Foldable Spy Drone with HQ WiFi Camera Remote Control Quadcopter Drone1 Drone,Professional Drone,114,Lithium Battery,100,2705,8999,69.0
"VYNEX M -ONE , 4K Wi-Fi Dual Camera Drone for Adults & Kids and Toy (Black) • Drone",Mini Drone,100,Lithium Battery,100,2189,14999,85.0
FANSEEKART E88 Pro Foldable Drone with dual HD Camera_D544 Drone,Mini Drone,100,Lithium Battery,400,3781,19999,81.0
"JNKC Mini WiFi Full HD Spy IP Camera Hidden Security with Microphone, Night Vision Drone",Mini Drone,40,Lithium Battery,300,1024,2499,59.0
Swa Mi E88 Pro 4K Dual Camera Quadcopter Flying Long Range FPV RC Foldable Mini1 Drone,Professional Drone,100,Lithium Battery,250,2705,8999,69.0
PICSTAR J2 Drone with HD Camera Foldable Quadcopter Professional Drone Toys Drone,Professional Drone,150,AAA Battery,450,3998,11999,66.0
DRONE E88 long range professional Wide Angle Professional Wifi 5g Drone,Professional Drone,100,Lithium Battery,400,2447,9999,75.0
"RECTITUDE Buy Best E88 Pro Drone Camera for Adults, Folding Drone Wifi Fpv Drone",Professional Drone,100,Lithium Battery,300,2426,6499,62.0
Radhikadro e144 Drone,Professional Drone,85,AA Rechargeable Battery,300,2447,4999,51.0
Swa Mi DRONE E88 PRO MAX1 Drone,Professional Drone,111,Lithium Battery,100,3088,8999,65.0
Swa Mi E88 Foldable Quadcopter | WiFi 480P FPV Dual Camera | Position Locking Drone1 Drone,Professional Drone,100,Lithium Battery,250,2303,8999,74.0
WESTCLO E88-Deone-Black Drone,Professional Drone,100,Lithium Battery,200,2447,19999,87.0
RECTITUDE New Good Quality Quadcopter E88 Pro WIFI Drone With Wide Angle HD Camera Drone Drone,Professional Drone,100,Lithium Battery,300,2049,6499,68.0
Clubics Foldable Remote Control 4k P10 Pro Drone WIFI HD Dual Camera Visual Positioning Drone,Professional Drone,100,Lithium Battery,400,11618,13999,17.0
Drone L K3&E99 camera Fodable Remote Control black with 3 Smart Batteries Drone,Mini Drone,100,Lithium Battery,100,2447,4999,51.0
RECTITUDE Drone Toy With HD Dual Camera Height Hold RC Foldable Quadcopter Helicopter Drone,Mini Drone,100,Lithium Battery,100,2382,9999,76.0
Swa Mi SM dronWiFi Camera Remote Control-Motion Control-Spin Fine Tuning dron12b Drone,Mini Drone,60,Lithium Battery,250,3051,8999,66.0
weadfax E88 RC Drone Drone,Professional Drone,150,AAA Battery,500,2447,5999,59.0
Radhikadro e224 Drone,Professional Drone,120,AA Rechargeable Battery,452,2420,4999,51.0
Rivalwilla Drone with 4k Camera Foldable 1080P HD Drone One Key Take Off/Landing Drone,Professional Drone,102,Lithium Battery,500,1799,3499,48.0
Swa Mi E88 Pro 4k HD With wide-angle camera drone WiFi 1080p real-time FPV_34 Drone,Professional Drone,60,Lithium Battery,250,3088,8999,65.0
Swa Mi TOPPINGPROPLUS_4KDRONE2 Drone,Professional Drone,60,Lithium Battery,250,2705,8999,69.0
MAYURI CREATIONS Foldable Remote Control Drone with 4K WiFi Camera For Adults & Kids Drone,Professional Drone,48,Lithium Battery,248,2326,6999,66.0
Clubics HorizonFlyer Ultimate WiFi Camera Quadcopter with 360 Flip Stunts Drone,Professional Drone,100,Lithium Battery,380,2509,9999,74.0
DRONE RITU ENTERPRISES E88 4K HD CAMERA 1080p 360 Degree Flip Functionality Drone,Professional Drone,100,AAA Rechargeable Battery,100,2717,9999,72.0
Rivalwilla Drone WiFi Camera Remote Control Quadcopter 360 Flip Stunt Drone,Professional Drone,100,Lithium Battery,433,1847,14999,87.0
HomeEye HD Smart A9 Magnet 365Cam Mini Wifi Cameras Surveillance Magnetic Night Vision Drone,Mini Drone,10,Lithium Battery,400,799,3299,75.0
Zilla E88-Deone-Black Drone,Professional Drone,100,Lithium Battery,200,2199,19999,89.0
Clubics GPS Brushless Motor Drone with Camera Foldable and 3D Flips Headless Toy Drone Drone,Professional Drone,100,Lithium Battery,400,16264,18999,14.0
Swa Mi E88 Pro Foldable Remote Control Drone with Dual Camera HD Wide Angle1 Drone,Professional Drone,100,Lithium Battery,100,2705,8999,69.0
Swa Mi E88 Pro Racing Drone 4k Camera And Gps Long Range Mini_23 Drone,Professional Drone,60,Lithium Battery,250,2611,8999,70.0
Kingvaliy 4k HD DUAL CAMERA WITH 5G WIFI WIDE ANGEL FPV++ Rear Drone,Professional Drone,100,AAA Alkaline Battery,250,2436,9999,75.0
Fourbrother E88 BLACK Drone,Professional Drone,100,Lithium Battery,320,2199,19999,89.0
Radhikadro e432 Drone,Professional Drone,100,Lithium Battery,420,2447,4999,51.0
MUGO 360 Flip Stunt Drone- Quadcopter Remote Control WiFi Camera Drone Drone,Professional Drone,100,Lithium Battery,100,2224,16999,86.0
Fpv Seller Gps Drone Fpv Tello 4K 1 Batteries Toy Drone Drone,Professional Drone,50,Lithium Battery,12000,7399,12500,40.0
Swa Mi E88 Pro Foldable Spy Drone with HQ WiFi Camera Remote Control Quadcopter1 Drone,Professional Drone,100,AA Battery,250,2705,8999,69.0
"ERH India J6 Pro 4K Foldable Mini Drone – GPS, Obstacle Avoidance, Dual Camera"" Drone",Mini Drone,1,Lithium Battery,200,9245,9999,7.0
Barbie E88 Drone GPS Folding Brushless Drone 25mins 2KM 6K Ultra HD Drone_11b Drone,Mini Drone,65,Lithium Battery,250,2244,8999,75.0
producthub Drone@11 Drone,Mini Drone,30,Lithium Battery,330000,1680,2999,43.0
Drone A E88 long range professional Wide Angle Professional Wifi 5g Drone,Professional Drone,100,Lithium Battery,400,2420,9999,75.0
"Swa Mi Best Price E88 Pro Drone Camera for Adults, Folding Drone Wifi Fpv1 Drone",Professional Drone,100,Lithium Battery,100,2705,8999,69.0
"Swa Mi High Quality E88 Pro Drone HD, Dual Camera Mini Drone 720p Video, Wifi Fpv1 Drone",Professional Drone,100,Lithium Battery,100,2705,8999,69.0
Swa Mi Built In Wifi Camera Latest Waterproof Professional Drone With 4K Camera1 Drone,Professional Drone,100,Lithium Battery,250,2705,8999,69.0
"Radhikadro Best Price E88 Pro Drone Camera for Adults, Folding Drone Wifi Fpv Drone",Professional Drone,100,Lithium Battery,100,2447,4999,51.0
Swa Mi Built In Wifi Camera Latest Waterproof Professional Drone With 4K Camera1 Drone,Professional Drone,100,Lithium Battery,100,2611,8999,70.0
Toyrist E 88 drone Drone,Professional Drone,100,AAA Rechargeable Battery,100,2474,9999,75.0
Swa Mi JA-E88 Pro Drone 4k HD foldable Drone With Camera HD Mini Drone1 Drone,Professional Drone,100,Lithium Battery,400,2705,8999,69.0
spectre E88 PRO Drone,Professional Drone,100,Lithium Battery,320,3228,19499,83.0
Radhikadro e275 Drone,Professional Drone,100,Lithium Battery,400,2447,4999,51.0
GARNER E88S Brushless Obstacle Avoidance Drone Flow Position Quadcopter 4k Dual Camera Drone,Mini Drone,100,Lithium Battery,300,6677,6999,4.0
IRINWE Remote Control Dual Camera Drone 4K 1080P Drone,Mini Drone,100,Lithium Battery,200,2158,4999,56.0
MAYURI CREATIONS E88 Foldable Toy Drone with HQ WiFi Camera Remote Control for Kids_08 Drone,Mini Drone,100,Lithium Battery,300,2178,6999,68.0
Swa Mi E88 Pro Drone 4k HD foldable Drone With Camera 4k HD 720p Live Video Drone_a27 Drone,Professional Drone,60,Lithium Battery,250,2705,8999,69.0
Swa Mi DRONE-21 Drone,Professional Drone,50,AA Rechargeable Battery,248,2705,8999,69.0
Swa Mi Drone WiFi Camera Drone Remote Control Quadcopter 360 Flip Stunt Drone1 Drone,Professional Drone,100,Lithium Battery,0,2705,8999,69.0
Swa Mi Drone Remote Control Quadcopter 360 Flip Stunt1 Drone,Professional Drone,100,Lithium Battery,420,2705,8999,69.0
Clubics S25 8k Drone Professional HD GPS Drone One-key Reflux Positioning Folding Toy Drone,Professional Drone,100,Lithium Battery,400,12685,13999,9.0
Swa Mi Drone WiFi Camera Drone Remote Control Quadcopter 360 Flip Stunt Drone1 Drone,Professional Drone,112,Lithium Battery,100,2705,8999,69.0
Rivalwilla Remote control Drone with 4k Camera Foldable 1080P HD Drone Altitude Hold Drone,Professional Drone,102,Lithium Battery,500,1799,3499,48.0
Radhikadro E88 DRONE Drone,Professional Drone,100,Lithium Battery,320,2447,4999,51.0
Intellect Creation E88 4K Video Laser Obstacle Avoidance Drone Global Range Drones With HD Camera_4 Dr...,Professional Drone,60,Lithium Battery,250,2603,3999,34.0
PICSTAR YP8 Max GPS Drone Optical Flow with Obstacle Avoidance 4.5-inch Screen Remote Drone,Professional Drone,200,Lithium Battery,230,19999,29999,33.0
Barbie Drone WiFi Camera Drone Remote Control Quadcopter 360 Flip Stunt Drone_7b Drone,Mini Drone,65,Lithium Battery,250,2703,8999,69.0
"markif 4K Ultra HD Triple Camera Drone – 4-Way Obstacle Avoidance, Foldable Quadcopter Drone",Mini Drone,100,Lithium Battery,200,5800,12999,55.0
GAMESOUL Brushless Motor Y3 Max Drone with Camera 4K FPV Foldable120° Adjustable Lens Drone,Mini Drone,100,Lithium Battery,700,5104,7999,36.0
"Clubics H35 MAX FOLD DRONE 4K Ultra HD Dual Camera, WiFi Drone with Obstacle Avoidance Drone",Professional Drone,30,Lithium Battery,350,8999,14999,40.0
MAYURI CREATIONS MODELl E88 DRONE Drone,Professional Drone,50,AA Battery,359,2156,6999,69.0
Swa Mi E-88 Pro 33 Drone_26 Drone,Professional Drone,60,Lithium Battery,250,2244,8999,75.0
Radhikadro e325 Drone,Professional Drone,100,Lithium Battery,330,2447,4999,51.0
Radhikadro e329 Drone,Professional Drone,155,Lithium Battery,400,2447,4999,51.0
nexell m99 orange nex Drone,Professional Drone,500,Lithium Battery,500,2951,5000,40.0
DigiClues Drone WiFi Camera Drone Remote Control Quadcopter 360 Flip Stunt Drone,Professional Drone,100,Lithium Battery,100,2447,9999,75.0
Swa Mi Mini dron with Camera Hd Dual Camera Wifi Infrared Quadcopter Children Toy Gift1 Drone,Professional Drone,100,Lithium Battery,100,2244,8999,75.0
Swa Mi DM97 Drone,Professional Drone,70,Lithium Battery,320,3119,10799,71.0
Radhikadro e303 Drone,Professional Drone,30,Lithium Battery,400,2447,4999,51.0
Barbie E88 Pro Racing Drone 4k Camera And Gps Long Range Mini_22b Drone,Mini Drone,65,Lithium Battery,250,2478,8999,72.0
HomeEye Mini Drones Spy Magnet Camera WiFi Hidden Camera Wireless HD Small Spy Nanny Drone,Mini Drone,10,Lithium Battery,500,717,2899,75.0
nexell j20-blue-0014 Drone,Professional Drone,100,Lithium Battery,700,5150,18000,71.0
Radhikadro e437 Drone,Professional Drone,100,Lithium Battery,400,2447,4999,51.0
Radhikadro e105 Drone,Professional Drone,100,Lithium Battery,100,2447,4999,51.0
Swa Mi E88 Drone 4K 1080P Dual Camera WIFI FPV Aerial Photography Helicopter Foldable1 Drone,Professional Drone,100,Lithium Battery,400,2705,8999,69.0
RECTITUDE Foldable Toy Drone with HQ WiFi Camera Remote Control for Kids Quadcopter Drone,Professional Drone,100,Lithium Battery,100,2447,4999,51.0
Antman E88 WiFi Remote Control Drone Dual Camera Drone 720p Video 2 Batteries Drone,Professional Drone,100,Lithium Battery,400,2447,19999,87.0
Swa Mi Drone K3&E99 HD Camera for Live Video RC Quadcopter Drone1 Drone,Professional Drone,100,Lithium Battery,400,2705,8999,69.0
Swa Mi Drone-11 Drone,Professional Drone,90,AA Battery,100,2611,8999,70.0
"Swa Mi Foldable Drone WiFi Camera Remote-Control-Quadcopter, Gesture Drone 2 Batteries1 Drone",Professional Drone,100,Lithium Battery,400,3088,8999,65.0
Clubics J2 Drone with HD Camera Foldable Quadcopter Professional Toys Drone,Professional Drone,100,AA Rechargeable Battery,450,4842,11999,59.0
HomeEye Megnet WiFi Spy Camera Hidden Home Outdoor High HD Focus Spy Mini Live Stream Drone,Mini Drone,10,Lithium Battery,50,742,3899,80.0
Barbie E88 Pro Racing Drone 4k Camera And Gps Long Range Mini_23b Drone,Mini Drone,65,Lithium Battery,250,2527,8999,71.0
Swa Mi D97_proplus4k 4 Drone,Professional Drone,60,Lithium Battery,250,2240,8999,75.0
Clubics Mini J2 Drone – Foldable Design with Dual 720p HD Cameras and WiFi FPV Drone,Professional Drone,100,AA Rechargeable Battery,450,4842,11999,59.0
Jiaanaa JA-E88 Pro 4k HD foldable Drone With Camera HD Mini Drone,Professional Drone,100,Lithium Battery,400,2447,4999,51.0
Swa Mi Remote Control Poldable 4k HD Camera1 Drone,Professional Drone,85,AA Rechargeable Battery,300,2705,8999,69.0
"Swa Mi High Quality E88 Pro Drone HD, Dual Camera Mini Drone 720p Video, Wifi Fpv1 Drone",Professional Drone,100,Lithium Battery,100,2705,8999,69.0
Swa Mi Drone WiFi Camera Drone Remote Control Quadcopter 360 Flip Stunt Drone1 Drone,Professional Drone,120,AA Rechargeable Battery,452,2611,8999,70.0
Swa Mi Blue Quadcopter Drone_28 Drone,Professional Drone,60,Lithium Battery,250,2705,8999,69.0
Radhikadro e476 Drone,Professional Drone,50,AA Rechargeable Battery,150,2420,4999,51.0
"Mevara Drone With HD Dual Camera Brushless Motor, One-Click Takeoff/Landing Flip Drone",Professional Drone,102,Lithium Battery,400,1799,6999,74.0
Swa Mi brainvita_plus4kdrone 31 Drone,Professional Drone,60,Lithium Battery,250,2611,8999,70.0
"RECTITUDE E88 Pro Foldable Remote Control Drone Dual Camera Drone 720p Video, Wifi Fpv Drone",Mini Drone,100,Lithium Battery,300,2068,5999,65.0
Intellect Creations E88 mini Drone Drone,Mini Drone,100,Lithium Battery,400,2326,6999,66.0
Clubics Wi-Fi FPV 1080P HD Dual 4K Camera E88 Pro Drone Foldable RC Drone Altitude Drone,Mini Drone,100,Lithium Battery,300000,4650,6999,33.0
Swa Mi Quadcopter E88 Drone With Wide Angle HD Camera Height Hold Foldable1 Drone,Professional Drone,100,Lithium Battery,400,2705,8999,69.0
Swa Mi Foldable Remote Control Drone with Camera HD Wide Angle Lens_26 Drone,Professional Drone,60,Lithium Battery,250,2572,8999,71.0
Radhikadro e441 Drone,Professional Drone,90,AA Battery,100,2447,4999,51.0
Radhikadro e154 Drone,Professional Drone,100,Lithium Battery,300,2447,4999,51.0
FLORAFLEXI Drone with 4k Camera Foldable 1080P Headless Mode RC Drone Drone,Professional Drone,102,Lithium Battery,500,1799,3499,48.0
Intellect Creation SM E88 Pro 4k HD With wide-angle camera drone WiFi 1080p real-time FPV_25b Drone,Professional Drone,65,Lithium Battery,250,2394,3999,40.0
Swa Mi E88 Drone1 Drone,Professional Drone,50,AA Battery,400,2611,8999,70.0
Swa Mi E88 PRO1 Drone,Professional Drone,30,Lithium Battery,60,2705,8999,69.0
Swa Mi E88 DRONE1 Drone,Professional Drone,100,Lithium Battery,320,2709,8999,69.0
Swa Mi E88 DRONE1 Drone,Professional Drone,50,AA Battery,359,2705,8999,69.0
Barbie E88 Pro 4k HD With wide-angle camera drone WiFi 1080p real-time FPV_28b Drone,Mini Drone,65,Lithium Battery,250,2705,8999,69.0
RIGHT SEARCH Drone E99 Max Foldable Drone 8K Dual Camera Brushless Motor Optical Drone,Mini Drone,120,Lithium Battery,300,2755,9999,72.0
HKC HOUSE E88 BLACK Drone,Mini Drone,100,AAA Battery,199,4013,9999,59.0
Swa Mi TINY TONY DRONE Drone,Professional Drone,60,Lithium Battery,250,2771,10199,72.0
Swa Mi Quadcopter Drone-FPV-Wifi-1080P-4K-HD-Camera-Wide-Angle-Pocket1 Drone,Professional Drone,100,Lithium Battery,433,2705,8999,69.0
Swa Mi Drone HQ Wi-Fi Camera for Kids Quadcopter with Gesture Selfie Flips Drone1 Drone,Professional Drone,100,Lithium Battery,180,2705,8999,69.0
Swa Mi Professional Drone1 Drone,Professional Drone,1,Lithium Battery,320,2705,8999,69.0
Swa Mi Foldable Toy-Drone with HQ-WiFi-Camera-Remote-Control-for-Kids Selfie-Flips1 Drone,Professional Drone,100,Lithium Battery,100,2705,8999,69.0
Swa Mi Blue Quadcopter Drone_18 Drone,Professional Drone,60,Lithium Battery,250,2705,8999,69.0
Swa Mi 90711 Drone,Professional Drone,100,Lithium Battery,433,2705,8999,69.0
Swa Mi E 88 drone1 Drone,Professional Drone,100,AAA Rechargeable Battery,100,2705,8999,69.0
Swa Mi Best Quality E88 Pro Remote Control Drone Dual Camera Drone 720p Video_30 Drone,Professional Drone,60,Lithium Battery,250,2896,8999,67.0
Swa Mi E88 Pro Racing Drone 4k Camera And Gps Long Range Mini_2 Drone,Professional Drone,60,Lithium Battery,250,2705,8999,69.0
Fitpro LM12 Drone - 8K HD Dual Camera Fpv Wifi 5g GPS Brushless Helicopter Drone,Mini Drone,300,AA Battery,500,5000,9999,49.0
Cropex Drone E998 Pro with dual battery and 4k camera micro foldable Drone Drone,Mini Drone,250,Lithium Battery,170,2376,5999,60.0
dronecamera E88 Pro Mini Drone | Dual HD Cameras & Dual Batteries | Long Battery Life | Drone,Mini Drone,250,Lithium Battery,170,2900,7999,63.0
Radhikadro e335 Drone,Professional Drone,30,AAA Rechargeable Battery,250,2447,4999,51.0
"Swa Mi 4k HD Drone Camera for Adults and Kids,1 Drone",Professional Drone,100,Lithium Battery,250,2705,8999,69.0
Swa Mi Foldable Drone WiFi Camera Drone Remote Control Quadcopter 360 Flip Stunt Drone1 Drone,Professional Drone,100,Lithium Battery,433,2705,8999,69.0
Swa Mi Drone WiFi Dual Camera Drone Remote Control Quadcopter 360 Flip Stunt Drone1 Drone,Professional Drone,100,Lithium Battery,433,2705,8999,69.0
Swa Mi EPRO_DUVON_DRONE9 Drone,Professional Drone,60,Lithium Battery,250,2705,8999,69.0
Radhikadro e434 Drone,Professional Drone,25,Lithium Battery,500,2447,4999,51.0
Swa Mi DRON 011 Drone,Professional Drone,30,AA Alkaline Battery,100,2705,8999,69.0
Swa Mi UAV1 Drone,Professional Drone,8,AA Rechargeable Battery,360000,3283,8999,63.0
Swa Mi Foldable-Drone-Camera-Flash-Lights-For-Adults-4k-1080P-HD-Drones-Toy_1L1 Drone,Professional Drone,100,Lithium Battery,300,2705,8999,69.0
Swa Mi Drone WiFi Camera Remote Control Quadcopter 360 Flip Stunt1 Drone,Professional Drone,101,Lithium Battery,100,2705,8999,69.0
RECTITUDE Foldable Drone with Dual Camera HD Wide Angle Lens Optical Flow Positioning Drone,Mini Drone,100,Lithium Battery,100,2559,5999,57.0
Clubics WiFi mini e88 drone Pro Foldable with 4k dual camera Position Locking Drone Drone,Mini Drone,100,Lithium Battery,300,3324,8999,63.0
Swa Mi Camera Drone Remote Control Quadcopter 360 Flip Stunt WiFi Wings: The E88 Drone1 Drone,Professional Drone,80,Lithium Battery,200,2611,8999,70.0
Swa Mi Drone WiFi Camera Remote Control Quadcopter 360 Flip Stunt1 Drone,Professional Drone,118,Lithium Battery,100,2705,8999,69.0
Swa Mi Camera Drone Remote Control Quadcopter 360 Flip Stunt WiFi Wings: The E88 Drone1 Drone,Professional Drone,100,Lithium Battery,100,2705,8999,69.0
Swa Mi E88 Pro Drone 4k HD Foldable Camera Mini Drone 720p Video Wide Angle Camera1 Drone,Professional Drone,90,Lithium Battery,320,2705,8999,69.0
"RECTITUDE New Sale E88 Remote Control Drone Dual Camera Drone 720p Video, Wifi Fpv Drone",Professional Drone,100,Lithium Battery,300,2449,6499,62.0
Radhikadro e293 Drone,Professional Drone,100,Lithium Battery,300,2447,4999,51.0
Swa Mi K3&E99 Drone 4k HD foldable Drone With Camera 4k HD Mini Drone 1080P1 Drone,Professional Drone,100,Lithium Battery,400,2705,8999,69.0
Swa Mi E88_VAYDO4KDRONE25 Drone,Professional Drone,60,Lithium Battery,250,2705,8999,69.0
Swa Mi Drone-with-4K-Camera-WiFi-FPV-1080P-HD-Dual-Foldable-RC-Drone Drone,Professional Drone,50,Lithium Battery,450,2447,9999,75.0
Swa Mi E88 PRO FOLDABLEREMOTE CONTROL DRONE WITH DUAL CAMERA Drone.1 Drone,Professional Drone,100,Lithium Battery,100,2705,8999,69.0
markif 4K Camera Drone Dual Lens WiFi Control Easy to Fly Capture Stunning Aerial Shots Drone,Mini Drone,100,Lithium Battery,200,2498,3999,37.0
"RECTITUDE NEW E88 PRO DRONE PROFESSIONAL WIDE ANGLE HD CAMERA, CONTROLLER CHILDREN'S TOY Drone",Professional Drone,100,Lithium Battery,100,2138,4999,57.0
Radhikadro e334 Drone,Professional Drone,102,Lithium Battery,100,2447,4999,51.0
Radhikadro e174 Drone,Professional Drone,100,Lithium Battery,100,2447,4999,51.0
Clubics 8k Drone Professional S25 HD GPS Drone One-key Reflux Positioning Folding Toy Drone,Professional Drone,100,Lithium Battery,400,11959,13999,14.0
DXP H35 Drone with 3 Axis Gimbal Camera & Brushless Motor Drone,Professional Drone,250,Lithium Battery,700,5840,11999,51.0
DXP DXP_DRON-001 Drone,Professional Drone,50,Lithium Battery,300,2291,3999,42.0
Swa Mi E88 Pro Racing Drone 4k Camera And Gps Long Range Mini_15 Drone,Professional Drone,60,Lithium Battery,250,2611,8999,70.0
Swa Mi E88 PRO1 Drone,Professional Drone,50,Lithium Battery,200,2705,8999,69.0
Swa Mi E88_VAYDO4KDRONE13 Drone,Professional Drone,60,Lithium Battery,250,2705,8999,69.0
"Swa Mi Buy Best E88 Pro Drone HD, Dual Camera Mini Drone 720p Video, Wifi Fpv1 Drone",Professional Drone,100,Lithium Battery,100,2611,8999,70.0
VK MART Foldable WiFi mini drone E88 Pro with 4k dual camera Position Locking Drone Drone,Mini Drone,100,Lithium Battery,300,3357,8999,62.0
Tector U58 Drone,Mini Drone,15,Lithium Battery,170,2499,4999,50.0
Clubics 4K Mini Drone K6 With Camera HD Four Side 360 Obstacle Drone,Mini Drone,100,Lithium Battery,300,4744,8999,47.0
"DXP H35Drone FOLD DRONE, 4K Ultra HD Dual Camera with Obstacle Avoidance Drone",Professional Drone,200,Lithium Battery,900,7392,14999,50.0
Swa Mi E88_SUPERHERODRONE21 Drone,Professional Drone,60,Lithium Battery,250,2705,8999,69.0
Swa Mi Drone WiFi Camera Remote Control-Motion Control-Spin Fine Tuning drone 7 Drone,Professional Drone,60,Lithium Battery,250,2611,8999,70.0
Magicwand 6 Channel Expert Remote Controlled 6 Axis 2.4 Ghz Quadcopter with Extra Blades Drone,Professional Drone,15,AA Alkaline Battery,300,3220,6999,53.0
RECTITUDE E88 Foldable Quadcopter | WiFi 480P FPV Dual Camera | Position Locking Drone Drone,Professional Drone,100,Lithium Battery,300,2299,6999,67.0
Radhikadro e401 Drone,Professional Drone,80,Lithium Battery,250,2447,4999,51.0
"PICSTAR YP2 Pro Drone with Dual HD Camera, Screen Remote, Obstacle Avoidance HD Drone",Professional Drone,200,Lithium Battery,230,10999,14999,26.0
PTCMart 998 PRO Foldable Toy Drone with HQ 4K WiFi HD Camera Remote Control for Kids Drone,Professional Drone,100,Lithium Battery,400,3324,6999,52.0
Radhikadro Camera Drone Remote Control Quadcopter 360 Flip Stunt WiFi Wings: The E88 Drone Drone,Professional Drone,100,Lithium Battery,100,2447,4999,51.0
MAYURI CREATIONS Black Quadcopter Drone,Professional Drone,10,Lithium Battery,150,2299,6999,67.0
"GARNER Drone E88 with Camera for Beginners, Foldable Quadcopter for Adults Hold/Gesture Drone",Mini Drone,100,Lithium Battery,300,4003,8999,55.0
VYNEX M ONE Dual Cameras Remote Control Toys Gifts for Boys Girls Drone,Mini Drone,45,Lithium Battery,300,2269,14999,84.0
Barbie E88 4K Video Laser Obstacle Avoidance dronGlobal Range dronWith HD Camera_27b Drone,Mini Drone,65,Lithium Battery,250,2705,8999,69.0
"Swa Mi E88 PRO High Quality dronHD, Dual Camera Mini dron720p Video, Wifi Fpv Drone_3 Drone",Professional Drone,60,Lithium Battery,250,2705,8999,69.0
Swa Mi E88 Drone WiFi Camera Remote Control Quadcopter 360 Flip Stunt Drone1 Drone,Professional Drone,100,Lithium Battery,400,2611,8999,70.0
THE TAJKLA Foldable Remote Control Drone/Gesture Selfie/ Drone,Professional Drone,60,AA Battery,460000,2494,2999,16.0
Toyrist 09071 Drone,Professional Drone,100,Lithium Battery,433,2447,14999,83.0
Fourbrother Camera Remote Control Quadcopter 360 Flip Stunt WiFi Wings: The E88 Drone,Professional Drone,80,Lithium Battery,200,2447,19999,87.0
RECTITUDE Buy E88 Foldable Quadcopter | WiFi 480P FPV Dual Camera | Position Locking Drone Drone,Professional Drone,100,Lithium Battery,300,2529,6999,63.0
Radhikadro e472 Drone,Professional Drone,100,AA Battery,300,2447,4999,51.0
Radhikadro e398 Drone,Professional Drone,100,Lithium Battery,100,2420,4999,51.0
Radhikadro e317 Drone,Professional Drone,50,Lithium Battery,250,2447,4999,51.0
Swa Mi RETAILNET ENTERPRISES BLACK DRONEMODELl E881 Drone,Professional Drone,50,AA Battery,359,2705,8999,69.0
Fitpro D31 GPS HD Dual-Camera Fixed-Height Quadcopter LED Backlight 2.4G Remote Drone,Mini Drone,300,AA Battery,500,10000,15999,37.0
VYNEX HD 720p Dual Camera Drone with GPS & Remote Control (Black) Description Drone,Mini Drone,100,Lithium Battery,100,2189,14999,85.0
ERH India D31 drone camera GPS 4k camera. Quality drone Drone,Mini Drone,100,Lithium Battery,200,7992,8999,11.0
Swa Mi E88 Pro Drone 4k HD foldable Drone With Dual Camera1 Drone,Professional Drone,30,Lithium Battery,230,2943,8999,67.0
Swa Mi E88 Professional dron With Double HD Wifi Camera Altitude Hold Mode RC Foldable1 Drone,Professional Drone,100,Lithium Battery,250,2705,8999,69.0
Swa Mi DRONEDART E-88 Foldable Remote Control Drone_19 Drone,Professional Drone,60,Lithium Battery,250,2705,8999,69.0
Swa Mi JANGLEMAT_DRONE32 Drone,Professional Drone,60,Lithium Battery,250,2611,8999,70.0
Swa Mi High-Defintion-Camera-Drone-with-1080P-HD-FPV-Camera1 Drone,Professional Drone,1200,AAA Rechargeable Battery,200,2963,8999,67.0
Swa Mi TOPPINGPROPLUS_4KDRONE24 Drone,Professional Drone,60,Lithium Battery,250,2705,8999,69.0
Swa Mi E88 Pro Foldable Drone With Camera For Adults 4k 1080P HD Drones-Toys-GPS1 Drone,Professional Drone,100,Lithium Battery,250,2705,8999,69.0
Swa Mi DM97_DRONE2 Drone,Professional Drone,60,Lithium Battery,250,2705,8999,69.0
Swa Mi DUAL LENS DRONE1 Drone,Professional Drone,50,Lithium Battery,300,2705,8999,69.0
Swa Mi TOPPINGPROPLUS_4KDRONE25 Drone,Professional Drone,60,Lithium Battery,250,2801,8999,68.0
MAYURI CREATIONS Foldable Toy-Drone with HQ-WiFi-Camera-Remote-Control-for-Kids Selfie-Flips Drone,Mini Drone,100,Lithium Battery,100,2205,6999,68.0
HomeEye A9 Magnetic Live Stream Wireless Security Camera Mult-view Video Rechargeable Drone,Mini Drone,10,Lithium Battery,500,785,2899,72.0
"cxd Foldable HD Drone with Live Video, Smart Gesture Selfie, Altitude Hold Drone",Mini Drone,328,Lithium Battery,200000,2566,6999,63.0
Swa Mi Drone-Wifi-1080P-4K-HD-Camera-Drone1 Drone,Professional Drone,100,Lithium Battery,433,2705,8999,69.0
Swa Mi K3&E99 HD Camera Drone Single Battery combo for Live Video RC Quadcopter Drone1 Drone,Professional Drone,100,Lithium Battery,250,2705,8999,69.0
Swa Mi E88 Super Stable drone 2 Batteries_18 Drone,Professional Drone,60,Lithium Battery,250,2705,8999,69.0
Swa Mi Drone WiFi Camera Remote Control Quadcopter 360' Flip Stunt Dronee_10 Drone,Professional Drone,60,Lithium Battery,250,2705,8999,69.0
RECTITUDE E88 Professional Drone With Double HD Wifi Camera Altitude Hold Mode RC Foldable Drone,Professional Drone,100,Lithium Battery,100,2557,4999,48.0
Swa Mi Drone-Wifi-1080P-4K-HD-Camera-Wide-Angle-Pocket- 360 Flip Stunt Drone_1 Drone,Professional Drone,60,Lithium Battery,250,2705,8999,69.0
Swa Mi Drone WiFi Camera Remote Control-Motion Control-Spin Fine Tuning drone 30 Drone,Professional Drone,60,Lithium Battery,250,2705,8999,69.0
"Swa Mi Quadcopter, RC Drone Quickly Empty The Shell Drone Foldable Drone Effective1 Drone",Professional Drone,30,Lithium Battery,400,2705,8999,69.0
Clubics J2 Drone 8K Professional With KD 3 Camera Obstacle Avoidance Brushless Motor Drone,Professional Drone,100,AA Rechargeable Battery,450,4873,11999,59.0
Swa Mi brainvita_plus4kdrone 15 Drone,Professional Drone,60,Lithium Battery,250,2705,8999,69.0
HomeEye MinibMagnetic Camera HD Wireless Security Motion Detection Night Vision Drone,Mini Drone,10,Lithium Battery,500,787,3199,75.0
"ERH India LM12-F PRO Drone Smart GPS, Long Battery Life Foldable Design Drone",Mini Drone,100,Lithium Battery,200,8012,9999,19.0
Clubics Best Drone for Beginners F198 GPS Quadcopter with 4K 1080p HD Dual Camera Drone,Mini Drone,100,Lithium Battery,300,4840,9999,51.0
nexell j2 red 0013 Drone,Professional Drone,100,Lithium Battery,500,5115,8000,36.0
Swa Mi High-Defintion Camera Drone with 1080P HD FPV Camera With Dual Camera1 Drone,Professional Drone,100,Lithium Battery,250,2990,8999,66.0
DRONE 998 PRO_Micro_Foldable_Drone_Set Drone,Professional Drone,10,AAA Rechargeable Battery,320,3599,9999,64.0
Swa Mi Foldable-Drone-With Camera-Drone One-Touch-Take-off-and-Landing_26 Drone,Professional Drone,60,Lithium Battery,250,2303,8999,74.0
Swa Mi TINYTONY_DRONE2 Drone,Professional Drone,60,Lithium Battery,250,2611,8999,70.0
Swa Mi E88 SUPER HERO Drone,Professional Drone,60,Lithium Battery,0,3158,10299,69.0
Swa Mi SURER KING E88 Drone,Professional Drone,60,Lithium Battery,0,2748,12950,78.0
Clubics HD Professional Camera Drones Video and Wi-Fi Remote Control Long Distance Drone Drone,Professional Drone,100,Lithium Battery,400,12399,15999,22.0
Swa Mi Drone Remote Control Quadcopter 360 Flip Stunt_a30 Drone,Professional Drone,60,Lithium Battery,250,2705,8999,69.0
MAYURI CREATIONS Remote Control Poldable 4k HD Camera Drone,Mini Drone,85,AA Rechargeable Battery,300,2498,6999,64.0
Barbie Classic-AP510_32b Drone,Mini Drone,65,Lithium Battery,250,3005,8999,66.0
cxd 4K WiFi Dual Cual Camera Drone with 2 Batteries and Toy Drone for Adults Drone,Mini Drone,328,Lithium Battery,200000,2480,6999,64.0
Swa Mi E88 Foldable Quadcopter | WiFi 480P Dual Camera | Position Locking Drone Drone1 Drone,Professional Drone,100,Lithium Battery,400,2732,8999,69.0
Swa Mi MODELl E88 DRONE1 Drone,Professional Drone,50,AA Battery,359,2611,8999,70.0
Swa Mi E88 Pro Racing Drone 4k Camera And Gps Long Range Mini_10 Drone,Professional Drone,60,Lithium Battery,250,2801,8999,68.0
Swa Mi JANGLEMAT_DRONE13 Drone,Professional Drone,60,Lithium Battery,250,2572,8999,71.0
Swa Mi E91E PRO PLUS 4K Drone,Professional Drone,80,Lithium Battery,305,2799,12799,78.0
RECTITUDE Mini Drone with Camera Hd Dual Camera Wifi Infrared Quadcopter Children Toy Gift Drone,Professional Drone,100,Lithium Battery,100,2382,4999,52.0
Digiwins E99 Pro Foldable Quadcopter WiFi 4K HD Camera Position Lockig Drone 2 Batteries Drone,Professional Drone,100,Lithium Battery,400,2447,9999,75.0
Swa Mi E99 Pro Drone HD foldable With Camera HD Mini 720p Video Drone Smart Batteries1 Drone,Professional Drone,100,Lithium Battery,400,2611,8999,70.0
Swa Mi E88 Pro Racing Drone 4k Camera And Gps Long Range Mini_6 Drone,Professional Drone,60,Lithium Battery,250,2705,8999,69.0
MASOORI E88 version2 4K camera pocket drone Drone,Professional Drone,100,Lithium Battery,100,2447,19999,87.0
GARNER Drone 3 HD Camera Drone KY605S Drone Long Endurance Four Sides Drone,Mini Drone,100,Lithium Battery,300,6988,6999,
"amiciCare DJI Mavic Mini 1/2 Propellers, Light-Weight and Low-Noise Propellers (Black-Color) Drone",Mini Drone,0,AA Battery,35,857,1000,14.0
"RECTITUDE Good Quality E88 Pro Remote Control Drone Dual Camera Drone 720p Video, Wifi Fpv Drone",Professional Drone,100,Lithium Battery,100,2501,6499,61.0
Swa Mi MODELl E881 Drone,Professional Drone,100,Lithium Battery,320,2705,8999,69.0
Swa Mi E88 Pro professional mini drone with 4k dual camera and gps_4 Drone,Professional Drone,60,Lithium Battery,250,2705,8999,69.0
Swa Mi E88 Pro 4k HD With wide-angle camera drone WiFi 1080p real-time FPV_17 Drone,Professional Drone,60,Lithium Battery,250,3186,8999,64.0
Swa Mi Drone WiFi Camera Remote Control-Motion Control-Spin Fine Tuning drone 14 Drone,Professional Drone,60,Lithium Battery,250,2611,8999,70.0
Swa Mi Drone-Wifi-1080P-4K-HD-Camera-Wide-Angle-Pocket- 360 Flip Stunt Drone1 Drone,Professional Drone,30,Lithium Battery,433,2705,8999,69.0
Dainty Foldable Toy Drone with HQ WiFi Camera Remote Control Drone,Professional Drone,85,AA Battery,450,2447,12999,81.0
Swa Mi Drone WiFi Camera Remote Control Quadcopter 360 Flip Stunt Drone1 Drone,Professional Drone,100,Lithium Battery,400,2705,8999,69.0
Swa Mi E88 Pro 4k HD With wide-angle camera drone WiFi 1080p real-time FPV_5 Drone,Professional Drone,60,Lithium Battery,250,2705,8999,69.0
Radhikadro e259 Drone,Professional Drone,100,Lithium Battery,320,2447,4999,51.0
Ezerio J2 Remote Control 1080 HQ Camera with Selfie360° Foldable and App Control Drone,Mini Drone,40,Lithium Battery,300,2783,5999,53.0
Barbie E88 Pro Racing Drone 4k Camera And Gps Long Range Mini_27b Drone,Mini Drone,65,Lithium Battery,250,2527,8999,71.0
PICSTAR J2 Drone HD Camera with Obstacle Avoidance Photography Professional Drone,Professional Drone,150,AAA Battery,450,3998,11999,66.0
RECTITUDE Best Quality Drone Kids E88 4k HD Drone Camera for Adults and Kids Drone Drone,Professional Drone,100,Lithium Battery,300,2447,6499,62.0
PICSTAR J2 Drone with HD Camera and Foldable Quadcopter Professional Drone Set Drone,Professional Drone,150,AAA Battery,450,3998,11999,66.0
Swa Mi D97_proplus4k 19 Drone,Professional Drone,60,Lithium Battery,250,2611,8999,70.0
Swa Mi Drone WiFi Camera Remote Control Quadcopter 360 Flip Stunt Drone Drone1 Drone,Professional Drone,100,Lithium Battery,250,2705,8999,69.0
Swa Mi E88 Pro Drone 4k HD foldable With Camera HD Mini 720p Live Video Drone1 Drone,Professional Drone,100,Lithium Battery,400,3376,8999,62.0
Swa Mi Drone WiFi Camera Drone Remote Control Quadcopter 360 Flip Stunt Drone1 Drone,Professional Drone,100,Lithium Battery,250,2705,8999,69.0
Swa Mi DRONEDART E-88 Foldable Remote Control Drone_7 Drone,Professional Drone,60,Lithium Battery,250,2705,8999,69.0
Swa Mi E90 WiFi Camera Remote Control Quadcopter 360 Flip Stunt Drone 2 Batteries1 Drone,Professional Drone,100,Lithium Battery,400,2705,8999,69.0
Swa Mi Classic-AP5101 Drone,Professional Drone,100,Lithium Battery,320,2705,8999,69.0
RECTITUDE Foldable Toy-Drone with HQ-WiFi-Camera-Remote-Control-for-Kids Selfie-Flips Drone,Mini Drone,100,Lithium Battery,100,3166,9999,68.0
"Orivox LM12-F PRO Drone – Smart GPS, Long Battery Life & Foldable Design Drone",Mini Drone,12,Lithium Battery,200,8999,9000,
VYNEX M ONE4K Wi-Fi Dual Camera Drone for Adults & Kids and Toy (Black) camera . Drone,Mini Drone,100,Lithium Battery,100,2215,14999,85.0
Swa Mi Best Quality E88 Pro Remote Control Drone Dual Camera Drone 720p Video_22 Drone,Professional Drone,60,Lithium Battery,250,2705,8999,69.0
"Rivalwilla Drone with 4k Camera Foldable 1080P Gesture Control, Headless Mode Drone",Professional Drone,102,Lithium Battery,500,1799,3499,48.0
GLARIXA Premium Quality Best Selling E88 Pro Remote Control Drone Dual Camera Drone 720p Drone,Professional Drone,100,Lithium Battery,300,2474,5999,58.0
Radhikatoys e401 Drone,Professional Drone,80,Lithium Battery,250,2447,4999,51.0
"MUGO Good Quality E88 Pro HD, Dual Camera Mini 720p Video, Wifi Fpv Drone",Professional Drone,100,Lithium Battery,100,2299,16999,86.0
Swa Mi Foldable-Drone-With-Camera-For-Adults-4k-1080P-HD-2 Batteries1 Drone,Professional Drone,100,Lithium Battery,100,2705,8999,69.0
"Swa Mi Good Quality E88 Pro Drone HD, Dual Camera Mini Drone 720p Video, Wifi Fpv1 Drone",Professional Drone,100,Lithium Battery,100,2705,8999,69.0
Swa Mi Camera dron1080P with Wide Angle Camera Long Flight time Auto Hover Foldable_30 Drone,Professional Drone,60,Lithium Battery,250,2705,8999,69.0
Swa Mi Classic-AP510_5 Drone,Professional Drone,60,Lithium Battery,250,2705,8999,69.0
Swa Mi E88 Pro professional mini drone with 4k dual camera and gps_30 Drone,Professional Drone,60,Lithium Battery,250,2705,8999,69.0
Swa Mi SM dron1080P with Wide Angle Long Flight time Auto Hover Foldable_25b Drone,Mini Drone,65,Lithium Battery,250,3053,8999,66.0
"Clubics 4K HD Foldable Drone H35 Ultra HD Dual Camera, Brushless Motor Drone Drone",Mini Drone,250,Lithium Battery,0,7087,9999,29.0
MAYURI CREATIONS E88 4K WiFi Dual Camera Drone for Adults & Kids Batteries and Toy Drone Drone,Mini Drone,100,Lithium Battery,300,2182,6999,68.0
Swa Mi E88 Drone GPS Folding Brushless Drone 25mins 2KM 6K Ultra HD Drone_8 Drone,Professional Drone,60,Lithium Battery,250,2705,8999,69.0
Swa Mi Drone WiFi Camera Remote Control-Motion Control-Spin Fine Tuning drone 17 Drone,Professional Drone,60,Lithium Battery,250,2244,8999,75.0
Radhikadro e449 Drone,Professional Drone,100,Lithium Battery,350,2447,4999,51.0
Mevara fOlDaBlE-ToY-DrOnE pHoToGrApHy GeStUrE-SeLfIe-fLiPs- HeAdLeSs mMOdE bOuNcE Drone,Professional Drone,102,Lithium Battery,400,1799,6999,74.0
mayuri E8 WiFi Camera Remote Control 360 Flip Stunt Drone 2 Batteries_17 Drone,Professional Drone,60,Lithium Battery,250,2799,5999,53.0
Swa Mi E88 Drone Best Adults/Kids Drone With Wifi Camera Remote Control For Kids_101 Drone,Professional Drone,100,Lithium Battery,300,2705,8999,69.0
